seed,time,collected supplies 1,collected supplies 2,collected supplies 3,trip collected 0,trip collected 1,trip collected 2,trip collected 3,trip collected 4,trip collected 5,budget,used budget,excess budget ratio,priority,collected priority,vertices,edges,junctions,wings,exits
10012007,0.1811903,6,10,9,1,3,0,2,2,8,11310,12227,-0.081078691423519,82,76,400,396,6,4,2
10012008,0.2819284,7,9,9,1,2,0,1,1,7,5042,5484,-0.08766362554541848,77,71,200,198,2,2,2
10012009,0.40559540000000005,9,7,8,1,0,0,3,3,6,4293,4660,-0.08548800372699744,94,81,300,297,4,3,2
10012010,0.686315,8,6,9,1,1,1,3,3,7,8083,8719,-0.07868365705802301,85,75,400,396,6,4,2
10012011,0.8107048,6,9,10,1,3,1,3,3,8,4117,4584,-0.11343211076026233,102,91,200,198,2,2,2
10012012,0.9278882,10,7,7,1,1,2,0,0,8,3613,3863,-0.0691945751453086,98,81,300,297,4,3,2
10012013,1.1026567,9,9,7,1,2,2,1,1,7,9548,10188,-0.06702974444909929,77,68,400,396,6,4,2
10012014,1.1817142,14,7,3,1,1,0,1,1,5,3627,3465,0.04466501240694789,95,84,200,198,2,2,2
10012015,1.2915468,12,8,3,1,2,2,2,2,5,3734,3901,-0.04472415640064274,81,71,300,297,4,3,2
10012016,1.5024077,10,6,7,1,1,0,3,3,5,13964,14833,-0.06223145230592953,91,81,400,396,6,4,2
10012017,1.6167399,9,9,6,1,4,2,1,1,6,4181,4354,-0.0413776608466874,92,83,200,198,2,2,2
10012018,1.7697831000000002,7,9,9,1,2,0,2,2,8,5682,5739,-0.01003167898627244,96,87,300,297,4,3,2
10012019,1.9349281,6,7,10,1,1,2,1,1,6,9317,9079,0.025544703230653644,86,76,400,396,6,4,2
10012020,2.0199357,9,6,9,1,0,1,4,4,6,3964,3926,0.00958627648839556,90,79,200,198,2,2,2
10012021,2.1117949,8,9,6,1,3,0,2,2,7,3190,3440,-0.07836990595611286,83,75,300,297,4,3,2
10012022,2.2440513,10,7,5,1,0,0,1,1,4,5603,4977,0.11172586114581474,96,78,400,396,6,4,2
10012023,2.3274802,12,7,4,1,2,1,0,0,6,3348,3337,0.0032855436081242534,86,76,200,198,2,2,2
10012024,2.4419159,5,7,12,1,2,0,6,6,7,5543,5987,-0.08010102832401227,88,80,300,297,4,3,2
10012025,2.5941099000000003,7,8,8,1,1,0,0,0,6,6811,6996,-0.02716194391425635,97,86,400,396,6,4,2
10012026,2.6893537000000003,7,10,7,1,1,1,2,2,7,4577,4888,-0.06794843784138081,80,73,200,198,2,2,2
10012027,2.8180617000000003,12,8,4,1,2,1,2,2,6,6002,5914,0.014661779406864379,83,70,300,297,4,3,2
10012028,3.1507812000000004,7,10,6,1,2,0,0,0,7,13836,14665,-0.05991616074009829,91,76,400,396,6,4,2
10012029,3.2781197000000004,12,7,5,1,2,1,1,1,6,4733,4759,-0.005493344601732516,77,69,200,198,2,2,2
10012030,3.5072352,12,7,6,1,4,0,2,2,6,8743,8716,0.0030881848335811506,83,77,300,297,4,3,2
10012031,3.7495950000000002,3,11,10,1,0,1,3,3,8,7765,8135,-0.04764971023824855,91,82,400,396,6,4,2
10012032,3.8858506000000004,7,7,10,1,2,0,4,4,5,5609,6039,-0.07666250668568372,96,86,200,198,2,2,2
10012033,4.0073962000000005,10,7,5,1,1,2,0,0,6,3725,3892,-0.04483221476510067,82,71,300,297,4,3,2
10012034,4.1979676,8,11,6,1,3,1,1,1,8,6487,6986,-0.07692307692307693,115,99,400,396,6,4,2
10012035,4.3061466,10,8,6,1,2,2,1,1,7,3092,3281,-0.0611254851228978,95,85,200,198,2,2,2
10012036,4.485723,1,7,7,1,0,1,3,3,5,6964,2439,0.6497702469844917,85,40,300,297,4,3,2
10012037,4.754218300000001,10,6,9,1,3,1,3,3,7,11919,11949,-0.0025169896803423106,100,92,400,396,6,4,2
10012038,4.8785295,12,7,5,1,0,0,2,2,7,3750,3717,0.0088,92,79,200,198,2,2,2
10012039,5.0375288000000005,9,7,6,1,1,0,2,2,6,5131,5294,-0.03176768661079712,103,88,300,297,4,3,2
10012040,5.2488098,10,6,9,1,2,0,3,3,6,8161,8195,-0.0041661561083200585,85,78,400,396,6,4,2
10012041,5.441314800000001,5,13,7,1,2,1,0,0,8,5038,5367,-0.06530369194124652,88,81,200,198,2,2,2
10012042,5.6804579,8,5,9,1,1,1,4,4,6,6094,6297,-0.03331145388907122,95,83,300,297,4,3,2
10012043,5.9614618,9,8,5,1,1,3,1,1,6,8791,9297,-0.0575588670230918,99,86,400,396,6,4,2
10012044,6.0975514,9,5,3,1,0,0,0,0,4,4585,3742,0.18386041439476555,90,62,200,198,2,2,2
10012045,6.2472544,2,4,6,1,0,0,2,2,2,6093,1984,0.6743804365665518,80,31,300,297,4,3,2
10012046,6.5481157,6,7,11,1,0,1,4,4,7,12749,13452,-0.05514157973174367,92,83,400,396,6,4,2
10012047,6.696956500000001,8,11,5,1,1,1,1,1,7,4244,4259,-0.00353440150801131,102,89,200,198,2,2,2
10012048,6.9109465000000005,5,13,4,1,1,0,0,0,6,7462,7498,-0.004824443848834093,86,76,300,297,4,3,2
10012049,7.158517300000001,10,8,4,1,2,3,0,0,6,9374,9962,-0.06272669084702369,92,80,400,396,6,4,2
10012050,7.281118,6,8,8,1,3,2,0,0,7,3652,3408,0.06681270536692223,80,67,200,198,2,2,2
10012051,7.4328937,15,6,5,1,2,1,1,1,7,3643,3616,0.007411474059840791,92,84,300,297,4,3,2
10012052,7.6167316000000005,9,11,3,1,2,2,0,0,6,7664,7618,0.0060020876826722335,89,79,400,396,6,4,2
10012053,7.744816900000001,11,7,4,1,0,0,2,2,3,3991,3779,0.05311951891756452,93,78,200,198,2,2,2
10012054,7.9285722000000005,12,7,4,1,1,1,2,2,5,4692,4621,0.015132139812446719,83,69,300,297,4,3,2
10012055,8.1615252,9,5,8,1,5,0,1,1,7,7675,7808,-0.01732899022801303,94,77,400,396,6,4,2
10012056,8.3042861,8,6,7,1,1,1,3,3,5,4726,4890,-0.034701650444350404,94,77,200,198,2,2,2
10012057,8.455126100000001,11,6,6,1,3,0,0,0,6,3425,3611,-0.05430656934306569,98,83,300,297,4,3,2
10012058,8.6894269,11,6,5,1,1,2,0,0,5,8027,8108,-0.010090943067148373,99,84,400,396,6,4,2
10012059,8.8171885,10,6,7,1,0,0,3,3,6,4483,4810,-0.07294222618782066,95,84,200,198,2,2,2
10012060,9.0120038,9,10,6,1,2,2,1,1,6,6567,6974,-0.06197654941373534,89,76,300,297,4,3,2
10012061,9.2656919,13,8,4,1,2,2,0,0,7,6917,7193,-0.039901691484747724,84,77,400,396,6,4,2
10012062,9.419457600000001,9,7,10,1,2,1,2,2,7,4813,5152,-0.07043424059837938,79,75,200,198,2,2,2
10012063,9.630079,13,4,10,1,0,0,3,3,6,6997,6932,0.009289695583821637,104,97,300,297,4,3,2
10012064,9.8782758,11,6,9,1,1,0,2,2,7,10093,10308,-0.021301892400673733,99,89,400,396,6,4,2
10012065,10.047159200000001,11,5,8,1,0,0,5,5,6,4907,4665,0.04931730181373548,96,84,200,198,2,2,2
10012066,10.1931686,5,12,6,1,1,1,2,2,6,4087,4335,-0.06068020552972841,85,76,300,297,4,3,2
10012067,10.4937389,7,4,14,1,0,1,7,7,6,13108,13874,-0.05843759536161123,91,84,400,396,6,4,2
10012068,10.6058325,12,6,5,1,3,0,2,2,6,3773,3770,0.0007951232441028359,102,90,200,198,2,2,2
10012069,10.8327612,10,8,7,1,1,1,2,2,6,8791,9359,-0.06461153452394494,91,83,300,297,4,3,2
10012070,11.0497735,7,11,7,1,2,0,3,3,7,8344,8875,-0.0636385426653883,84,73,400,396,6,4,2
10012071,11.171451600000001,7,7,8,1,3,0,1,1,7,4438,4852,-0.09328526363226679,103,89,200,198,2,2,2
10012072,11.3594433,7,9,7,1,1,1,3,3,6,7940,8078,-0.017380352644836273,97,84,300,297,4,3,2
10012073,11.5540248,10,3,9,1,2,0,1,1,6,5787,6038,-0.04337307758769656,87,77,400,396,6,4,2
10012074,11.6953916,12,5,9,1,2,0,1,1,8,4812,4917,-0.021820448877805487,78,72,200,198,2,2,2
10012075,11.8612628,4,3,4,1,2,1,1,1,3,8207,1665,0.7971244059948824,96,36,300,297,4,3,2
10012076,12.065182400000001,7,6,6,1,2,1,1,1,6,7453,6660,0.10640010733932645,90,66,400,396,6,4,2
10012077,12.203631000000001,11,5,8,1,3,1,2,2,6,4321,4524,-0.04697986577181208,88,77,200,198,2,2,2
10012078,12.4172332,9,5,12,1,1,0,3,3,5,7918,8104,-0.023490780500126294,86,77,300,297,4,3,2
10012079,12.6463768,6,9,9,1,1,1,0,0,8,6008,6179,-0.028462050599201066,92,80,400,396,6,4,2
10012080,12.839689600000002,10,8,6,1,0,3,1,1,7,4483,4519,-0.008030336828016953,82,75,200,198,2,2,2
10012081,12.993184500000002,12,7,6,1,0,0,0,0,8,3680,3774,-0.025543478260869567,93,81,300,297,4,3,2
10012082,13.271645800000002,7,4,13,1,2,0,6,6,6,11555,12685,-0.09779316313284292,80,73,400,396,6,4,2
10012083,13.448797500000001,9,3,6,1,0,1,1,1,4,3078,2180,0.2917478882391163,90,63,200,198,2,2,2
10012084,13.692003300000001,14,6,5,1,1,1,1,1,7,7340,7115,0.030653950953678476,79,73,300,297,4,3,2
10012085,13.9885902,6,11,5,1,0,3,1,1,6,6703,6495,0.031030881694763538,76,66,400,396,6,4,2
10012086,14.1852192,11,9,4,1,0,4,0,0,5,4119,4421,-0.0733187666909444,88,78,200,198,2,2,2
10012087,14.4240445,7,8,9,1,1,0,3,3,8,6268,6377,-0.017389917038927886,85,75,300,297,4,3,2
10012088,14.698177900000001,6,10,8,1,1,0,2,2,7,9515,9662,-0.015449290593799264,99,87,400,396,6,4,2
10012089,14.8091927,7,9,6,1,1,2,1,1,7,3226,3589,-0.1125232486050837,79,68,200,198,2,2,2
10012090,14.8323706,10,4,1,1,2,0,0,0,3,4881,1971,0.5961893054701906,66,29,300,297,4,3,2
10012091,15.060670900000002,10,8,6,1,2,0,0,0,6,8257,8539,-0.03415284001453312,89,82,400,396,6,4,2
10012092,15.188033200000001,10,10,3,1,2,1,0,0,7,3143,3085,0.01845370664969774,102,89,200,198,2,2,2
10012093,15.435326300000002,10,7,8,1,1,1,1,1,6,8172,8429,-0.031448849730788056,77,70,300,297,4,3,2
10012094,15.6447698,10,11,3,1,0,2,0,0,5,4540,5261,-0.15881057268722468,77,69,400,396,6,4,2
10012095,15.7592642,12,4,8,1,2,0,0,0,6,3752,3868,-0.03091684434968017,104,92,200,198,2,2,2
10012096,16.0246131,4,7,13,1,1,2,6,6,6,9209,10220,-0.10978390704745358,95,84,300,297,4,3,2
10012097,16.2652799,6,12,5,1,1,1,0,0,6,10744,11150,-0.03778853313477289,85,73,400,396,6,4,2
10012098,16.4059296,8,7,10,1,0,0,3,3,7,4735,5265,-0.1119324181626188,89,83,200,198,2,2,2
10012099,16.527767400000002,9,7,6,1,2,2,0,0,7,3263,3454,-0.05853509040760037,82,70,300,297,4,3,2
10012100,16.7786666,11,7,6,1,3,1,1,1,7,8531,9431,-0.10549759699917946,83,75,400,396,6,4,2
10012101,16.9139629,9,8,6,1,1,3,2,2,6,3928,4159,-0.05880855397148676,88,76,200,198,2,2,2
10012102,17.062235,12,9,5,1,3,0,1,1,7,3850,4072,-0.057662337662337665,96,90,300,297,4,3,2
10012103,17.3124501,5,3,2,1,1,1,0,0,2,11098,1644,0.8518652009371058,87,28,400,396,6,4,2
10012104,17.4405194,6,8,7,1,1,1,2,2,6,5716,4955,0.13313505948215534,84,65,200,198,2,2,2
10012105,17.5816132,10,9,5,1,1,0,3,3,5,4109,4042,0.016305670479435385,86,75,300,297,4,3,2
10012106,17.814099600000002,11,9,3,1,2,3,0,0,6,10042,10404,-0.036048595897231625,107,93,400,396,6,4,2
10012107,17.920150800000002,8,7,8,1,1,1,3,3,6,3454,3683,-0.06629994209612045,94,85,200,198,2,2,2
10012108,18.1270256,9,10,6,1,0,0,4,4,7,6898,7035,-0.019860829225862568,90,78,300,297,4,3,2
10012109,18.37423,7,11,5,1,1,0,2,2,5,10019,9148,0.08693482383471404,77,59,400,396,6,4,2
10012110,18.4900038,9,11,5,1,1,2,2,2,7,3056,3960,-0.29581151832460734,89,82,200,198,2,2,2
10012111,18.6539292,12,6,5,1,1,2,0,0,6,4237,4143,0.02218550861458579,97,84,300,297,4,3,2
10012112,18.977836500000002,10,8,7,1,0,0,1,1,8,9030,9385,-0.039313399778516056,89,82,400,396,6,4,2
10012113,19.1494952,8,7,9,1,2,0,0,0,7,4330,4517,-0.043187066974595845,91,81,200,198,2,2,2
10012114,19.4388048,9,10,5,1,2,1,2,2,6,8368,8454,-0.010277246653919695,88,75,300,297,4,3,2
10012115,19.7578938,6,5,3,1,2,0,1,1,4,13270,4621,0.6517709118311982,76,39,400,396,6,4,2
10012116,19.941519900000003,8,7,6,1,1,1,1,1,6,5764,5715,0.008501040943789036,74,61,200,198,2,2,2
10012117,20.1012463,11,9,4,1,4,2,1,1,6,4683,4974,-0.06213965406790519,89,81,300,297,4,3,2
10012118,20.436985500000002,9,9,5,1,0,0,1,1,7,10990,10711,0.025386715195632393,95,84,400,396,6,4,2
10012119,20.5957718,6,8,7,1,0,1,1,1,6,6817,4983,0.26903329910517826,89,67,200,198,2,2,2
10012120,20.778330800000003,8,7,5,1,0,2,1,1,6,6407,4063,0.36584985172467616,84,64,300,297,4,3,2
10012121,21.0742811,6,8,7,1,2,1,3,3,6,11036,11592,-0.0503805726712577,95,77,400,396,6,4,2
10012122,21.2166713,7,6,13,1,0,1,6,6,6,4453,4855,-0.09027621827981136,77,72,200,198,2,2,2
10012123,21.4533291,6,7,13,1,1,0,5,5,7,9993,10344,-0.035124587211047734,76,71,300,297,4,3,2
10012124,21.660918600000002,12,9,4,1,0,1,0,0,8,5809,5465,0.05921845412291272,81,75,400,396,6,4,2
10012125,21.801341200000003,7,9,9,1,1,3,2,2,7,4728,5017,-0.061125211505922164,90,82,200,198,2,2,2
10012126,21.9550126,0,2,1,1,0,1,0,0,1,6418,333,0.9481146774696168,92,7,300,297,4,3,2
10012127,22.180423,4,4,3,1,0,1,0,0,3,10691,1940,0.8185389580020578,91,33,400,396,6,4,2
10012128,22.3231125,12,10,4,1,3,0,2,2,7,3512,3450,0.01765375854214123,90,82,200,198,2,2,2
10012129,22.5544863,8,9,7,1,1,0,4,4,6,8980,9457,-0.05311804008908686,80,73,300,297,4,3,2
10012130,22.7983854,5,12,7,1,1,0,0,0,9,9398,9184,0.022770802298361353,81,72,400,396,6,4,2
10012131,22.9199376,14,5,7,1,2,1,0,0,5,3658,3742,-0.022963367960634227,88,81,200,198,2,2,2
10012132,23.103696300000003,10,7,8,1,0,0,3,3,7,5845,5885,-0.006843455945252352,86,75,300,297,4,3,2
10012133,23.329098700000003,6,13,6,1,2,1,1,1,7,7956,8545,-0.07403217697335344,94,85,400,396,6,4,2
10012134,23.4597467,8,8,8,1,0,1,2,2,4,3988,4647,-0.1652457372116349,93,84,200,198,2,2,2
10012135,23.644091300000003,10,6,5,1,1,0,2,2,6,6483,5142,0.20684868116612679,101,77,300,297,4,3,2
10012136,23.928320300000003,11,5,9,1,2,1,0,0,8,9845,9825,0.002031488065007618,85,79,400,396,6,4,2
10012137,24.062284400000003,9,4,6,1,0,0,4,4,3,4861,4299,0.1156140711787698,101,75,200,198,2,2,2
10012138,24.253039400000002,5,7,8,1,3,0,2,2,6,6673,6005,0.10010490034467256,109,83,300,297,4,3,2
10012139,24.491103300000002,10,10,5,1,2,1,2,2,7,7871,7599,0.03455723542116631,85,78,400,396,6,4,2
10012140,24.624486400000002,10,8,5,1,2,2,0,0,7,3450,3531,-0.023478260869565216,97,87,200,198,2,2,2
10012141,24.8537198,8,7,8,1,0,2,1,1,7,6560,6515,0.006859756097560976,92,78,300,297,4,3,2
10012142,25.055811900000002,11,7,3,1,4,0,0,0,6,6541,6188,0.053967283290016814,89,67,400,396,6,4,2
10012143,25.1901057,9,4,11,1,3,0,4,4,7,5003,5295,-0.05836498101139317,65,56,200,198,2,2,2
10012144,25.3973975,6,9,9,1,0,0,2,2,5,7282,7364,-0.011260642680582258,101,89,300,297,4,3,2
10012145,25.696495300000002,6,7,10,1,1,1,3,3,6,11063,12005,-0.08514869384434602,80,69,400,396,6,4,2
10012146,25.8330872,6,10,9,1,1,1,2,2,8,5105,5599,-0.09676787463271302,90,83,200,198,2,2,2
10012147,26.021999,7,11,4,1,2,1,1,1,6,6887,7222,-0.048642369682009585,82,72,300,297,4,3,2
10012148,26.2566424,11,3,9,1,1,0,3,3,6,8511,8818,-0.036070966983903184,93,81,400,396,6,4,2
10012149,26.3981934,12,5,8,1,0,3,2,2,6,4083,4127,-0.010776389909380358,103,90,200,198,2,2,2
10012150,26.583873,11,7,7,1,2,1,1,1,7,6553,7044,-0.07492751411567221,94,85,300,297,4,3,2
10012151,26.8288505,8,9,5,1,1,1,1,1,7,8711,8833,-0.014005280679600505,85,73,400,396,6,4,2
10012152,26.9741061,11,8,5,1,1,0,1,1,6,5155,5067,0.017070805043646945,102,92,200,198,2,2,2
10012153,27.139021500000002,11,7,6,1,2,1,0,0,7,4352,4554,-0.04641544117647059,91,82,300,297,4,3,2
10012154,27.4352668,8,4,13,1,1,1,8,8,4,11846,13311,-0.12367043727840621,85,78,400,396,6,4,2
10012155,27.547112300000002,10,8,6,1,1,1,1,1,6,3418,3488,-0.02047981275599766,84,78,200,198,2,2,2
10012156,27.7318019,10,6,5,1,2,0,0,0,7,7804,5831,0.2528190671450538,88,68,300,297,4,3,2
10012157,27.9744022,9,8,8,1,1,0,2,2,6,10554,11116,-0.05324995262459731,87,82,400,396,6,4,2
10012158,28.1456458,12,10,3,1,3,0,1,1,7,4027,4089,-0.01539607648373479,88,80,200,198,2,2,2
10012159,28.3318301,11,10,3,1,2,0,1,1,7,7244,6845,0.05508006626173385,94,80,300,297,4,3,2
10012160,28.5462868,10,8,7,1,1,0,1,1,7,8449,8433,0.001893715232571902,93,85,400,396,6,4,2
10012161,28.676141200000004,6,6,11,1,1,0,6,6,4,4202,4577,-0.08924321751546882,84,76,200,198,2,2,2
10012162,28.884382400000003,10,9,5,1,5,0,1,1,7,7747,8274,-0.06802633277397703,86,78,300,297,4,3,2
10012163,29.0941964,9,9,8,1,1,1,1,1,9,6806,7029,-0.032765207170143994,94,86,400,396,6,4,2
10012164,29.2272357,6,7,11,1,2,0,4,4,7,4845,5125,-0.05779153766769866,79,72,200,198,2,2,2
10012165,29.400070300000003,5,13,7,1,2,3,0,0,8,4486,5125,-0.14244315648684797,96,88,300,297,4,3,2
10012166,29.669791200000002,7,10,8,1,1,1,3,3,7,9764,10180,-0.042605489553461696,107,98,400,396,6,4,2
10012167,29.8116835,9,9,6,1,0,2,1,1,6,4792,5036,-0.05091819699499165,78,70,200,198,2,2,2
10012168,29.952277000000002,9,8,8,1,0,1,1,1,8,5375,5406,-0.005767441860465117,95,89,300,297,4,3,2
10012169,30.263683500000003,8,8,7,1,0,2,2,2,7,12563,13123,-0.04457534028496378,73,65,400,396,6,4,2
10012170,30.410386000000003,15,5,4,1,0,0,1,1,6,4472,4359,0.025268336314847942,86,78,200,198,2,2,2
10012171,30.6567073,6,6,7,1,1,0,1,1,7,6660,4230,0.36486486486486486,98,68,300,297,4,3,2
10012172,30.8545477,10,5,6,1,1,0,1,1,6,6607,6452,0.023459966701982745,75,65,400,396,6,4,2
10012173,30.998839,8,7,9,1,2,1,2,2,7,5150,5801,-0.12640776699029127,82,72,200,198,2,2,2
10012174,31.2841579,9,8,7,1,3,0,6,6,5,7302,7618,-0.043275814845247874,93,81,300,297,4,3,2
10012175,31.5841369,10,7,7,1,4,0,2,2,7,11758,11609,0.012672223167205307,97,89,400,396,6,4,2
10012176,31.732829300000002,11,9,4,1,1,1,1,1,7,3939,3850,0.022594567149022596,95,84,200,198,2,2,2
10012177,31.913363800000003,9,8,6,1,0,2,0,0,7,5861,5744,0.0199624637433885,84,71,300,297,4,3,2
10012178,32.1612217,9,7,9,1,2,1,1,1,7,7722,8221,-0.06462056462056462,86,77,400,396,6,4,2
10012179,32.3117968,13,6,5,1,4,1,0,0,6,4553,4711,-0.034702394025916974,101,88,200,198,2,2,2
10012180,32.473459600000005,13,8,5,1,4,0,2,2,6,4907,6107,-0.24454860403505196,97,87,300,297,4,3,2
10012181,32.7580643,6,6,7,1,2,0,1,1,6,10814,10737,0.007120399482152765,76,54,400,396,6,4,2
10012182,32.9185086,9,7,9,1,2,0,2,2,6,5457,7134,-0.3073117097306212,93,83,200,198,2,2,2
10012183,33.1298824,9,6,9,1,2,0,1,1,7,9292,9320,-0.003013344812742144,85,78,300,297,4,3,2
10012184,33.385961900000005,9,8,5,1,0,0,2,2,6,8087,7399,0.08507481142574502,82,63,400,396,6,4,2
10012185,33.5192719,9,8,8,1,1,0,2,2,6,4579,4811,-0.050666084297881636,94,84,200,198,2,2,2
10012186,33.738685000000004,7,6,11,1,4,1,4,4,6,10937,12155,-0.11136509097558746,83,76,300,297,4,3,2
10012187,33.9076158,11,6,6,1,2,0,2,2,5,4455,4569,-0.02558922558922559,90,78,400,396,6,4,2
10012188,34.0785788,12,4,8,1,0,1,4,4,6,3162,7507,-1.3741302972802023,87,78,200,198,2,2,2
10012189,34.2787603,7,8,7,1,1,0,3,3,6,5183,5323,-0.027011383368705382,109,92,300,297,4,3,2
10012190,34.6218838,13,4,10,1,3,1,1,1,7,9698,10100,-0.04145184574138998,95,88,400,396,6,4,2
10012191,34.7653096,10,7,6,1,1,1,1,1,4,3033,3110,-0.025387405209363667,101,89,200,198,2,2,2
10012192,34.986701700000005,6,7,6,1,1,1,0,0,7,6778,4080,0.39805252286810267,75,51,300,297,4,3,2
10012193,35.251031700000006,5,3,8,1,0,0,2,2,5,10020,7118,0.2896207584830339,81,52,400,396,6,4,2
10012194,35.386808200000004,7,6,10,1,3,1,3,3,7,5485,5881,-0.07219690063810393,95,84,200,198,2,2,2
10012195,35.544012300000006,9,7,7,1,2,0,1,1,7,5551,5869,-0.05728697531976221,90,79,300,297,4,3,2
10012196,35.800918800000005,9,7,5,1,1,0,1,1,6,11279,7687,0.31846794928628425,94,63,400,396,6,4,2
10012197,35.9222904,9,12,4,1,0,1,0,0,7,3869,3908,-0.01008012406306539,94,85,200,198,2,2,2
10012198,36.0848274,8,9,6,1,0,1,4,4,6,4042,4017,0.006185056902523503,95,79,300,297,4,3,2
10012199,36.286825400000005,7,12,2,1,3,0,0,0,6,6229,5302,0.14882003531867075,93,70,400,396,6,4,2
10012200,36.411055600000005,7,9,7,1,1,2,2,2,7,4187,4361,-0.041557200859804154,97,83,200,198,2,2,2
10012201,36.5727907,9,5,8,1,2,0,1,1,6,5218,5513,-0.05653507090839402,92,82,300,297,4,3,2
10012202,36.7502599,10,9,6,1,2,1,4,4,6,5700,5952,-0.04421052631578947,92,83,400,396,6,4,2
10012203,36.876196400000005,12,9,5,1,1,0,3,3,7,3573,3917,-0.09627763783935069,94,89,200,198,2,2,2
10012204,37.0280946,12,6,6,1,1,0,2,2,7,5062,5077,-0.002963255630185697,98,86,300,297,4,3,2
10012205,37.317486900000006,10,8,5,1,1,1,1,1,7,5514,5859,-0.06256800870511425,93,80,400,396,6,4,2
10012206,37.458994000000004,6,9,9,1,4,0,1,1,8,5344,5629,-0.053330838323353294,94,85,200,198,2,2,2
10012207,37.6027818,7,9,9,1,0,2,3,3,7,4781,5000,-0.04580631667015269,78,72,300,297,4,3,2
10012208,37.8894882,12,5,4,1,1,0,1,1,6,8593,8206,0.0450366577446759,111,88,400,396,6,4,2
10012209,38.0055531,11,6,8,1,1,0,4,4,6,3952,4090,-0.034919028340080975,93,86,200,198,2,2,2
10012210,38.152031400000006,3,13,5,1,1,3,1,1,6,4556,4327,0.05026338893766462,92,71,300,297,4,3,2
10012211,38.443476600000004,8,10,7,1,2,1,4,4,5,13033,14026,-0.07619120693623878,89,82,400,396,6,4,2
10012212,38.5462815,5,6,7,1,1,1,2,2,5,3647,3099,0.15026048807238826,90,63,200,198,2,2,2
10012213,38.750661900000004,7,10,6,1,2,1,1,1,6,6964,7199,-0.03374497415278575,86,77,300,297,4,3,2
10012214,38.925876200000005,8,6,7,1,1,0,2,2,6,5189,5207,-0.0034688764694546155,73,57,400,396,6,4,2
10012215,39.0400761,6,6,3,1,1,1,0,0,4,3716,1848,0.5026910656620022,89,49,200,198,2,2,2
10012216,39.198858400000006,5,10,7,1,1,1,2,2,5,5655,6132,-0.0843501326259947,80,70,300,297,4,3,2
10012217,39.402034,8,8,9,1,4,0,1,1,8,6661,7539,-0.13181204023419907,90,82,400,396,6,4,2
10012218,39.5443276,3,7,7,1,2,1,3,3,5,4543,4535,0.0017609509134932863,83,62,200,198,2,2,2
10012219,39.673379100000005,15,5,4,1,1,0,2,2,6,3345,3372,-0.008071748878923767,83,73,300,297,4,3,2
10012220,39.9214749,8,9,7,1,1,1,3,3,7,9164,9417,-0.027608031427324313,88,79,400,396,6,4,2
10012221,40.0523929,8,8,10,1,0,0,0,0,10,4848,5020,-0.03547854785478548,98,89,200,198,2,2,2
10012222,40.2053984,5,11,8,1,1,2,4,4,6,4944,5267,-0.06533171521035598,88,80,300,297,4,3,2
10012223,40.4388135,7,10,7,1,1,1,2,2,7,8369,8153,0.025809535189389412,86,80,400,396,6,4,2
10012224,40.5539195,8,10,5,1,0,0,3,3,6,3877,3979,-0.026309001805519733,87,78,200,198,2,2,2
10012225,40.7582037,12,2,9,1,1,0,4,4,6,8347,9130,-0.0938061579010423,90,79,300,297,4,3,2
10012226,40.951979200000004,6,9,7,1,0,1,3,3,6,7585,6947,0.08411338167435728,106,82,400,396,6,4,2
10012227,41.0822112,10,9,7,1,2,1,0,0,9,4040,4027,0.0032178217821782176,89,81,200,198,2,2,2
10012228,41.239810600000006,9,7,9,1,0,1,3,3,7,5271,5600,-0.06241699867197875,94,85,300,297,4,3,2
10012229,41.437409200000005,6,12,8,1,2,2,1,1,9,6794,6962,-0.024727700912569914,100,93,400,396,6,4,2
10012230,41.5531321,13,7,5,1,1,2,1,1,6,3285,3380,-0.0289193302891933,87,79,200,198,2,2,2
10012231,41.7298727,10,5,9,1,1,0,4,4,6,7052,7146,-0.013329551900170164,93,84,300,297,4,3,2
10012232,42.0220664,7,8,9,1,2,1,2,2,8,14186,15009,-0.058014944311292824,87,80,400,396,6,4,2
10012233,42.177213900000005,10,7,6,1,1,2,1,1,6,5688,5646,0.007383966244725738,93,78,200,198,2,2,2
10012234,42.323648600000006,7,5,4,1,0,0,0,0,5,5684,2089,0.6324771287825475,94,53,300,297,4,3,2
10012235,42.5680957,9,7,10,1,1,3,1,1,7,9813,10359,-0.05564047691837359,82,70,400,396,6,4,2
10012236,42.7017515,5,12,9,1,2,2,1,1,7,4747,5194,-0.09416473562249841,103,95,200,198,2,2,2
10012237,42.8602575,3,11,9,1,1,0,0,0,7,4214,4602,-0.09207403891789274,90,76,300,297,4,3,2
10012238,43.1137893,4,8,12,1,1,0,4,4,7,12790,13238,-0.03502736512900704,71,65,400,396,6,4,2
10012239,43.234403,8,12,7,1,1,0,0,0,8,3812,3846,-0.008919202518363064,100,91,200,198,2,2,2
10012240,43.396132200000004,7,8,8,1,1,0,2,2,8,5593,5554,0.006973001966744144,95,83,300,297,4,3,2
10012241,43.608615400000005,11,6,9,1,3,0,3,3,6,7574,8177,-0.07961447055716926,89,83,400,396,6,4,2
10012242,43.7426685,7,9,5,1,1,2,0,0,7,4704,4740,-0.007653061224489796,90,75,200,198,2,2,2
10012243,43.8927312,9,12,4,1,1,0,0,0,8,4115,4021,0.02284325637910085,81,72,300,297,4,3,2
10012244,44.1030474,5,8,8,1,2,0,3,3,6,9041,7332,0.189027762415662,83,65,400,396,6,4,2
10012245,44.2499417,4,9,7,1,1,1,2,2,6,6488,4426,0.3178175092478422,88,63,200,198,2,2,2
10012246,44.3852642,12,6,5,1,4,0,2,2,5,4172,4423,-0.06016299137104506,82,72,300,297,4,3,2
10012247,44.6428711,8,7,8,1,2,2,2,2,6,11264,11570,-0.02716619318181818,99,87,400,396,6,4,2
10012248,44.777652800000006,9,7,7,1,1,1,0,0,5,5347,5434,-0.016270806059472603,102,87,200,198,2,2,2
10012249,45.0037546,9,8,8,1,0,2,2,2,7,10511,11421,-0.08657596803348873,81,76,300,297,4,3,2
10012250,45.2022636,8,6,4,1,0,0,1,1,5,6704,5284,0.21181384248210025,101,74,400,396,6,4,2
10012251,45.3000375,5,12,7,1,1,2,0,0,9,5229,5358,-0.024670109007458405,86,75,200,198,2,2,2
10012252,45.3000375,9,7,6,1,1,2,1,1,5,6433,5815,0.09606715373853568,97,76,300,297,4,3,2
10012253,45.3000375,8,10,9,1,1,3,3,3,7,5995,6520,-0.08757297748123437,89,82,400,396,6,4,2
10012254,45.3000375,10,8,8,1,2,1,1,1,7,3146,3441,-0.09376986649713923,78,74,200,198,2,2,2
10012255,45.3000375,10,9,4,1,1,0,2,2,5,4673,4697,-0.005135887010485769,78,69,300,297,4,3,2
10012256,45.3000375,10,8,2,1,0,1,0,0,6,8257,6869,0.16809979411408502,89,64,400,396,6,4,2
10012257,45.3000375,9,11,4,1,2,2,1,1,6,3841,4018,-0.04608174954438948,86,75,200,198,2,2,2
10012258,45.3000375,5,7,9,1,0,0,0,0,6,3916,4295,-0.09678243105209397,91,77,300,297,4,3,2
10012259,45.3000375,9,4,13,1,0,0,5,5,5,12258,13025,-0.06257138195464186,92,87,400,396,6,4,2
10012260,45.3000375,10,6,7,1,1,2,1,1,7,4434,4416,0.0040595399188092015,89,73,200,198,2,2,2
10012261,45.3000375,8,7,9,1,3,0,2,2,8,7211,7330,-0.016502565524892526,86,76,300,297,4,3,2
10012262,45.3000375,9,5,8,1,0,0,3,3,6,7856,7797,0.0075101832993890024,87,78,400,396,6,4,2
10012263,45.3000375,12,6,8,1,3,0,2,2,7,3418,3600,-0.05324751316559392,95,86,200,198,2,2,2
10012264,45.3000375,9,9,5,1,1,0,1,1,6,6745,6742,0.00044477390659747963,90,79,300,297,4,3,2
10012265,45.3000375,9,10,3,1,1,0,1,1,6,10591,9540,0.09923519969785667,86,73,400,396,6,4,2
10012266,45.3000375,7,10,6,1,1,1,0,0,6,3984,4093,-0.027359437751004016,101,89,200,198,2,2,2
10012267,45.3000375,9,7,7,1,1,2,2,2,5,5327,5565,-0.04467805519053877,94,82,300,297,4,3,2
10012268,45.3000375,9,7,8,1,1,0,3,3,5,9675,10064,-0.04020671834625323,92,82,400,396,6,4,2
10012269,45.3000375,8,8,5,1,3,0,2,2,6,3172,3333,-0.05075662042875158,92,79,200,198,2,2,2
10012270,45.3000375,10,4,11,1,1,0,2,2,8,6725,6833,-0.016059479553903345,100,90,300,297,4,3,2
10012271,45.3000375,13,5,6,1,0,1,3,3,6,7865,7868,-0.0003814367450731087,96,87,400,396,6,4,2
10012272,45.3000375,8,8,7,1,0,0,2,2,7,4920,4910,0.0020325203252032522,88,78,200,198,2,2,2
10012273,45.3000375,9,6,7,1,0,1,2,2,6,4495,4166,0.0731924360400445,98,81,300,297,4,3,2
10012274,45.3000375,11,8,4,1,2,2,1,1,6,6680,6689,-0.001347305389221557,89,73,400,396,6,4,2
10012275,45.3000375,10,6,8,1,0,0,1,1,7,4474,4391,0.018551631649530623,79,70,200,198,2,2,2
10012276,45.3000375,11,5,8,1,2,0,3,3,6,5368,5540,-0.03204172876304024,91,84,300,297,4,3,2
10012277,45.3000375,6,7,9,1,0,1,4,4,5,7930,8227,-0.037452711223203025,89,75,400,396,6,4,2
10012278,45.3000375,6,7,11,1,3,1,5,5,5,3985,4447,-0.11593475533249686,93,84,200,198,2,2,2
10012279,45.3000375,6,9,8,1,1,1,2,2,7,6629,7242,-0.0924724694524061,87,77,300,297,4,3,2
10012280,45.3000375,8,5,9,1,1,3,3,3,5,6863,7166,-0.044149788722133175,103,91,400,396,6,4,2
10012281,45.3000375,9,7,8,1,1,0,0,0,6,4663,4766,-0.022088784044606475,87,79,200,198,2,2,2
10012282,45.3000375,6,4,9,1,1,0,4,4,4,6965,3937,0.4347451543431443,101,61,300,297,4,3,2
10012283,45.3000375,9,7,8,1,0,0,3,3,6,16969,16500,0.027638635158229712,99,86,400,396,6,4,2
10012284,45.3000375,7,9,6,1,1,1,2,2,6,3838,4061,-0.05810317873892652,97,85,200,198,2,2,2
10012285,45.3000375,7,12,6,1,2,1,2,2,7,6500,6750,-0.038461538461538464,85,77,300,297,4,3,2
10012286,45.3000375,5,10,10,1,0,0,4,4,7,7250,7556,-0.04220689655172414,86,81,400,396,6,4,2
10012287,45.3000375,10,8,5,1,2,1,1,1,6,5051,5229,-0.035240546426450206,92,77,200,198,2,2,2
10012288,45.3000375,10,6,7,1,2,2,1,1,6,4006,4186,-0.044932601098352475,100,88,300,297,4,3,2
10012289,45.3000375,10,8,6,1,2,0,4,4,6,6156,6276,-0.01949317738791423,93,84,400,396,6,4,2
10012290,45.3000375,12,6,6,1,0,2,1,1,7,4126,4253,-0.030780416868637906,81,72,200,198,2,2,2
10012291,45.3000375,9,7,4,1,2,0,0,0,5,4944,4550,0.0796925566343042,86,66,300,297,4,3,2
10012292,45.3000375,7,6,12,1,0,1,5,5,6,11371,11426,-0.004836865711019259,88,80,400,396,6,4,2
10012293,45.3000375,10,9,3,1,1,2,1,1,5,4978,5079,-0.020289272800321414,84,75,200,198,2,2,2
10012294,45.3000375,6,6,1,1,0,1,0,0,3,4664,1617,0.6533018867924528,90,46,300,297,4,3,2
10012295,45.3000375,10,9,5,1,1,2,1,1,7,7220,7442,-0.03074792243767313,97,83,400,396,6,4,2
10012296,45.3000375,9,8,6,1,3,0,1,1,5,5226,5500,-0.052430156907768845,86,77,200,198,2,2,2
10012297,45.3000375,1,1,0,1,0,0,1,1,0,5119,165,0.9677671420199258,95,8,300,297,4,3,2
10012298,45.3000375,8,6,12,1,3,1,3,3,6,7085,8416,-0.18786167960479888,99,90,400,396,6,4,2
10012299,45.3000375,10,5,10,1,0,2,3,3,5,5578,7232,-0.2965220509143062,69,63,200,198,2,2,2
10012300,45.3000375,12,5,5,1,3,2,0,0,6,4463,4564,-0.02263051758906565,101,86,300,297,4,3,2
10012301,45.3000375,11,5,8,1,0,2,1,1,6,9323,9761,-0.04698058564839644,88,74,400,396,6,4,2
10012302,45.3000375,8,10,7,1,2,0,0,0,7,4496,4593,-0.02157473309608541,78,70,200,198,2,2,2
10012303,45.3000375,14,2,6,1,1,0,2,2,5,4816,4339,0.09904485049833887,95,76,300,297,4,3,2
10012304,45.3000375,9,10,5,1,2,2,0,0,6,11954,11866,0.00736155261837042,76,68,400,396,6,4,2
10012305,45.3000375,7,8,7,1,0,1,3,3,5,4996,4698,0.059647718174539635,79,67,200,198,2,2,2
10012306,45.3000375,5,11,6,1,1,2,2,2,6,5831,6661,-0.1423426513462528,85,71,300,297,4,3,2
10012307,45.3000375,12,3,7,1,2,0,1,1,6,8075,7630,0.055108359133126936,94,79,400,396,6,4,2
10012308,45.3000375,7,8,10,1,2,0,1,1,8,4536,4740,-0.04497354497354497,85,78,200,198,2,2,2
10012309,45.3000375,13,4,4,1,0,1,2,2,5,2631,2625,0.002280501710376283,97,82,300,297,4,3,2
10012310,45.3000375,10,5,8,1,2,1,0,0,8,13335,13083,0.01889763779527559,93,77,400,396,6,4,2
10012311,45.3000375,8,9,7,1,1,0,3,3,5,3403,3454,-0.014986776373787834,87,78,200,198,2,2,2
10012312,45.3000375,11,5,5,1,2,0,0,0,6,4816,4606,0.0436046511627907,81,67,300,297,4,3,2
10012313,45.3000375,6,6,10,1,2,0,4,4,6,14166,15216,-0.07412113511224058,71,61,400,396,6,4,2
10012314,45.3000375,9,7,7,1,3,1,0,0,7,5371,5513,-0.02643827964997207,92,80,200,198,2,2,2
10012315,45.3000375,7,9,5,1,2,0,0,0,6,5735,5600,0.023539668700959023,98,78,300,297,4,3,2
10012316,45.3000375,1,5,5,1,0,0,2,2,4,7141,2418,0.6613919619100966,76,33,400,396,6,4,2
10012317,45.3000375,11,7,6,1,2,2,1,1,6,4306,4271,0.008128193218764514,99,85,200,198,2,2,2
10012318,45.3000375,10,8,5,1,1,1,0,0,6,5643,5382,0.046251993620414676,102,85,300,297,4,3,2
10012319,45.3000375,10,5,7,1,0,2,1,1,6,7224,6889,0.04637320044296789,87,70,400,396,6,4,2
10012320,45.3000375,10,5,6,1,0,1,2,2,6,3844,3523,0.08350676378772112,94,76,200,198,2,2,2
10012321,45.3000375,7,8,7,1,3,1,0,0,7,4304,4639,-0.07783457249070631,87,76,300,297,4,3,2
10012322,45.3000375,9,8,8,1,0,0,2,2,7,12796,12458,0.026414504532666458,93,86,400,396,6,4,2
10012323,45.3000375,7,9,7,1,2,1,1,1,7,4617,4614,0.000649772579597141,76,68,200,198,2,2,2
10012324,45.3000375,7,8,3,1,1,1,0,0,5,4235,2574,0.3922077922077922,91,60,300,297,4,3,2
10012325,45.3000375,5,12,7,1,1,1,2,2,5,11755,12923,-0.0993619736282433,97,90,400,396,6,4,2
10012326,45.3000375,12,6,6,1,0,2,1,1,7,4554,5259,-0.15480895915678525,88,79,200,198,2,2,2
10012327,45.3000375,8,10,6,1,1,1,0,0,7,6118,5994,0.020268061457992807,86,75,300,297,4,3,2
10012328,45.3000375,6,9,8,1,2,3,2,2,6,9542,10189,-0.06780549151121358,84,74,400,396,6,4,2
10012329,45.3000375,9,6,6,1,1,0,1,1,7,3880,3947,-0.017268041237113403,91,74,200,198,2,2,2
10012330,45.3000375,8,8,8,1,3,1,1,1,8,4990,5571,-0.11643286573146293,75,66,300,297,4,3,2
10012331,45.3000375,9,8,8,1,2,1,2,2,7,8701,8999,-0.03424893690380416,88,81,400,396,6,4,2
10012332,45.3000375,8,8,7,1,0,3,0,0,7,4944,5161,-0.0438915857605178,89,79,200,198,2,2,2
10012333,45.3000375,9,6,7,1,2,1,3,3,5,8922,9728,-0.0903384891279982,86,73,300,297,4,3,2
10012334,45.3000375,8,8,7,1,2,1,2,2,7,7925,8555,-0.07949526813880126,78,70,400,396,6,4,2
10012335,45.3000375,4,12,8,1,2,0,2,2,8,5212,5552,-0.06523407521105141,79,70,200,198,2,2,2
10012336,45.3000375,6,8,10,1,0,3,1,1,7,10326,11239,-0.0884175866744141,92,81,300,297,4,3,2
10012337,45.3000375,13,6,7,1,3,0,1,1,8,6225,6352,-0.020401606425702812,105,93,400,396,6,4,2
10012338,45.3000375,8,4,5,1,1,1,1,1,5,5031,1911,0.6201550387596899,81,48,200,198,2,2,2
10012339,45.3000375,10,5,10,1,0,2,3,3,5,7154,7267,-0.015795359239586245,82,76,300,297,4,3,2
10012340,45.3000375,7,6,11,1,3,1,4,4,7,7984,8715,-0.09155811623246493,90,83,400,396,6,4,2
10012341,45.3000375,14,6,6,1,2,2,1,1,7,2505,2937,-0.1724550898203593,86,79,200,198,2,2,2
10012342,45.3000375,8,9,5,1,3,0,2,2,4,4720,4660,0.012711864406779662,101,83,300,297,4,3,2
10012343,45.3000375,5,3,1,1,1,0,1,1,2,6023,1491,0.7524489457081189,84,23,400,396,6,4,2
10012344,45.3000375,7,11,7,1,0,4,1,1,7,4354,4623,-0.06178226917776757,92,83,200,198,2,2,2
10012345,45.3000375,9,10,7,1,2,1,2,2,8,6529,6523,0.0009189768724153775,100,94,300,297,4,3,2
10012346,45.3000375,4,12,6,1,0,1,2,2,6,5146,5429,-0.054994170229304314,79,68,400,396,6,4,2
10012347,45.3000375,1,2,1,1,0,0,1,1,1,4178,257,0.9384873145045476,93,6,200,198,2,2,2
10012348,45.3000375,8,7,7,1,2,0,1,1,6,5435,5746,-0.05722171113155474,86,77,300,297,4,3,2
10012349,45.3000375,12,7,6,1,2,1,0,0,8,6707,6443,0.039361860742507825,103,95,400,396,6,4,2
10012350,45.3000375,5,11,4,1,0,0,0,0,7,4587,3140,0.315456725528668,102,75,200,198,2,2,2
10012351,45.3000375,14,4,7,1,3,1,1,1,7,4450,4833,-0.08606741573033708,89,83,300,297,4,3,2
10012352,45.3000375,7,8,7,1,0,1,1,1,7,7628,8127,-0.06541688515993707,80,70,400,396,6,4,2
10012353,45.3000375,3,8,7,1,1,0,2,2,5,3972,3278,0.17472306143001007,90,63,200,198,2,2,2
10012354,45.3000375,9,5,9,1,3,1,3,3,4,4609,4883,-0.0594489043176394,94,82,300,297,4,3,2
10012355,45.3000375,9,9,6,1,3,2,1,1,7,8776,9442,-0.07588878760255241,97,86,400,396,6,4,2
10012356,45.3000375,6,9,8,1,2,1,2,2,6,3806,4172,-0.09616395165528113,77,68,200,198,2,2,2
10012357,45.3000375,9,10,5,1,2,0,1,1,7,5752,5739,0.002260083449235049,86,73,300,297,4,3,2
10012358,45.3000375,11,7,6,1,1,2,1,1,7,6243,6196,0.007528431843664905,92,80,400,396,6,4,2
10012359,45.3000375,5,11,8,1,1,0,1,1,7,5330,5943,-0.1150093808630394,87,80,200,198,2,2,2
10012360,45.3000375,13,6,5,1,3,1,0,0,7,8620,8937,-0.03677494199535963,86,79,300,297,4,3,2
10012361,45.3000375,7,6,13,1,0,1,3,3,7,9667,10383,-0.07406641150305161,89,84,400,396,6,4,2
10012362,45.3000375,12,7,8,1,4,0,2,2,8,3931,3918,0.003307046553039939,91,82,200,198,2,2,2
10012363,45.3000375,12,5,6,1,2,0,1,1,7,4897,5072,-0.03573616499897897,94,81,300,297,4,3,2
10012364,45.3000375,4,12,8,1,3,1,1,1,8,9697,10399,-0.07239352377023822,84,78,400,396,6,4,2
10012365,45.3000375,7,12,4,1,1,1,0,0,8,3382,3548,-0.04908338261383797,93,78,200,198,2,2,2
10012366,45.3000375,5,9,6,1,1,5,0,0,6,3914,3739,0.04471129279509453,100,77,300,297,4,3,2
10012367,45.3000375,8,7,9,1,2,2,3,3,6,8417,8561,-0.017108233337293572,86,77,400,396,6,4,2
10012368,45.3000375,7,10,5,1,1,2,1,1,6,4742,4972,-0.04850274145929987,95,86,200,198,2,2,2
10012369,45.3000375,9,9,6,1,0,2,1,1,6,8354,8184,0.020349533157768735,68,61,300,297,4,3,2
10012370,45.3000375,8,5,11,1,0,1,4,4,5,8618,8894,-0.03202599210953817,93,85,400,396,6,4,2
10012371,45.3000375,9,8,9,1,3,0,2,2,7,5093,5645,-0.10838405654820342,80,74,200,198,2,2,2
10012372,45.3000375,9,7,8,1,2,1,0,0,7,6751,7017,-0.03940157013775737,93,83,300,297,4,3,2
10012373,45.3000375,9,7,9,1,1,0,2,2,7,6811,7119,-0.045220966084275435,86,79,400,396,6,4,2
10012374,45.3000375,12,6,5,1,0,1,0,0,5,2955,3060,-0.03553299492385787,91,82,200,198,2,2,2
10012375,45.3000375,11,9,5,1,1,2,0,0,7,3671,3761,-0.02451648052301825,84,74,300,297,4,3,2
10012376,45.3000375,11,4,9,1,0,0,4,4,6,6892,7090,-0.028728961114335462,76,65,400,396,6,4,2
10012377,45.3000375,6,4,7,1,0,0,4,4,3,3823,3083,0.19356526288255296,99,61,200,198,2,2,2
10012378,45.3000375,12,7,6,1,1,2,0,0,7,7314,7564,-0.03418102269619907,95,84,300,297,4,3,2
10012379,45.3000375,10,6,4,1,4,0,0,0,6,7882,6865,0.1290281654402436,84,68,400,396,6,4,2
10012380,45.3000375,10,5,10,1,1,2,4,4,5,4019,4641,-0.15476486688230903,90,84,200,198,2,2,2
10012381,45.3000375,8,9,6,1,2,0,4,4,6,4502,4920,-0.09284762327854287,89,78,300,297,4,3,2
10012382,45.3000375,6,10,8,1,2,0,3,3,7,11380,11951,-0.050175746924428825,89,81,400,396,6,4,2
10012383,45.3000375,5,10,9,1,1,1,3,3,8,4636,5113,-0.10289042277825712,80,73,200,198,2,2,2
10012384,45.3000375,6,8,9,1,1,1,1,1,7,6775,6994,-0.03232472324723247,96,83,300,297,4,3,2
10012385,45.3000375,9,7,6,1,0,3,0,0,7,9023,9466,-0.049096752742990135,84,72,400,396,6,4,2
10012386,45.3000375,9,10,5,1,0,1,1,1,7,5179,5299,-0.023170496234794363,89,79,200,198,2,2,2
10012387,45.3000375,12,5,8,1,0,2,0,0,6,8476,8358,0.013921661160924964,92,85,300,297,4,3,2
10012388,45.3000375,11,7,4,1,3,2,0,0,6,6781,5090,0.24937324878336528,76,58,400,396,6,4,2
10012389,45.3000375,10,4,9,1,2,1,2,2,7,4805,4981,-0.03662851196670135,89,78,200,198,2,2,2
10012390,45.3000375,11,8,4,1,2,0,1,1,6,4831,4879,-0.009935831090871455,87,78,300,297,4,3,2
10012391,45.3000375,6,9,7,1,3,0,1,1,7,13879,14286,-0.029324879314071618,99,81,400,396,6,4,2
10012392,45.3000375,7,11,3,1,1,0,0,0,5,4250,4189,0.014352941176470587,98,83,200,198,2,2,2
10012393,45.3000375,12,4,7,1,3,0,1,1,7,6251,6065,0.029755239161734122,81,71,300,297,4,3,2
10012394,45.3000375,9,8,6,1,1,1,2,2,6,8312,8481,-0.020332050048123194,97,85,400,396,6,4,2
10012395,45.3000375,8,8,7,1,3,1,2,2,6,3379,3773,-0.11660254513169577,79,71,200,198,2,2,2
10012396,45.3000375,8,6,8,1,0,1,3,3,5,4259,4289,-0.00704390702042733,95,81,300,297,4,3,2
10012397,45.3000375,2,0,0,1,0,1,0,0,0,7079,325,0.9540895606724114,89,8,400,396,6,4,2
10012398,45.3000375,9,6,4,1,1,0,1,1,5,4304,3203,0.2558085501858736,93,62,200,198,2,2,2
10012399,45.3000375,7,8,8,1,0,1,1,1,6,5904,6546,-0.10873983739837398,74,66,300,297,4,3,2
10012400,45.3000375,8,6,7,1,1,1,0,0,6,5953,5015,0.1575676129682513,86,68,400,396,6,4,2
10012401,45.3000375,6,12,7,1,2,1,1,1,8,4685,4797,-0.02390608324439701,104,96,200,198,2,2,2
10012402,45.3000375,9,8,6,1,1,1,2,2,6,8408,8574,-0.01974310180780209,83,69,300,297,4,3,2
10012403,45.3000375,12,4,9,1,3,1,1,1,7,6557,6978,-0.06420619185603173,98,85,400,396,6,4,2
10012404,45.3000375,10,5,8,1,2,1,2,2,6,4623,5097,-0.10253082414016872,88,78,200,198,2,2,2
10012405,45.3000375,5,8,12,1,3,0,2,2,8,5743,6332,-0.10255963781995472,94,85,300,297,4,3,2
10012406,45.3000375,10,8,4,1,3,0,2,2,5,6018,6168,-0.024925224327018942,101,83,400,396,6,4,2
10012407,45.3000375,10,8,5,1,2,2,0,0,7,4162,4310,-0.035559827006247,108,95,200,198,2,2,2
10012408,45.3000375,6,9,9,1,1,2,1,1,7,7053,7456,-0.05713880618176662,93,83,300,297,4,3,2
10012409,45.3000375,12,4,6,1,4,0,0,0,6,6451,5337,0.17268640520849482,94,76,400,396,6,4,2
10012410,45.3000375,10,3,7,1,1,0,1,1,5,4826,3628,0.2482387070037298,89,60,200,198,2,2,2
10012411,45.3000375,8,7,5,1,1,0,2,2,6,6701,5918,0.1168482316072228,99,73,300,297,4,3,2
10012412,45.3000375,9,11,5,1,2,1,0,0,6,8242,8576,-0.040524144625091,103,89,400,396,6,4,2
10012413,45.3000375,9,6,8,1,1,0,2,2,6,4276,4559,-0.06618334892422825,85,73,200,198,2,2,2
10012414,45.3000375,11,7,7,1,1,2,2,2,7,6740,6574,0.02462908011869436,84,73,300,297,4,3,2
10012415,45.3000375,1,2,4,1,1,0,2,2,2,9618,1865,0.8060927427739655,97,24,400,396,6,4,2
10012416,45.3000375,5,10,8,1,0,3,3,3,6,5342,5651,-0.05784350430550356,94,79,200,198,2,2,2
10012417,45.3000375,13,4,7,1,1,0,4,4,5,5607,5353,0.04530051721062957,102,92,300,297,4,3,2
10012418,45.3000375,9,8,8,1,1,0,3,3,7,9093,9367,-0.030133069394039372,103,94,400,396,6,4,2
10012419,45.3000375,8,9,6,1,4,0,0,0,8,4528,4725,-0.043507067137809184,94,82,200,198,2,2,2
10012420,45.3000375,7,8,9,1,0,0,2,2,8,4795,4731,0.013347236704900938,107,93,300,297,4,3,2
10012421,45.3000375,8,7,12,1,0,2,4,4,6,11598,11861,-0.022676323504052423,86,81,400,396,6,4,2
10012422,45.3000375,10,8,7,1,1,0,2,2,8,4823,4799,0.004976155919552146,89,80,200,198,2,2,2
10012423,45.3000375,10,4,11,1,2,0,2,2,7,5159,5385,-0.04380693932932739,86,78,300,297,4,3,2
10012424,45.3000375,12,6,3,1,3,0,0,0,6,5452,5405,0.008620689655172414,90,72,400,396,6,4,2
10012425,45.3000375,9,8,4,1,1,0,2,2,6,4407,4180,0.05150896301338779,90,76,200,198,2,2,2
10012426,45.3000375,10,5,10,1,4,0,4,4,6,5442,6273,-0.15270121278941565,94,87,300,297,4,3,2
10012427,45.3000375,9,8,6,1,2,0,2,2,7,6145,6501,-0.05793327908868999,102,87,400,396,6,4,2
10012428,45.3000375,9,7,10,1,1,1,4,4,6,4085,4407,-0.0788249694002448,91,85,200,198,2,2,2
10012429,45.3000375,7,8,7,1,3,0,2,2,7,5214,5017,0.03778289221327196,89,74,300,297,4,3,2
10012430,45.3000375,10,3,11,1,2,0,3,3,6,10689,11032,-0.032089063523248196,96,88,400,396,6,4,2
10012431,45.3000375,7,10,8,1,1,0,3,3,5,5397,5622,-0.04168982768204558,100,86,200,198,2,2,2
10012432,45.3000375,7,10,6,1,1,1,1,1,7,9215,9460,-0.026587086272381984,88,75,300,297,4,3,2
10012433,45.3000375,7,7,3,1,2,0,1,1,5,10700,10306,0.036822429906542054,86,59,400,396,6,4,2
10012434,45.3000375,8,8,7,1,3,2,1,1,7,6163,6571,-0.06620152523121857,85,72,200,198,2,2,2
10012435,45.3000375,5,8,6,1,1,1,2,2,6,4260,4222,0.00892018779342723,89,71,300,297,4,3,2
10012436,45.3000375,8,3,1,1,2,0,0,0,3,9053,2049,0.7736661880039766,91,44,400,396,6,4,2
10012437,45.3000375,8,5,9,1,1,0,2,2,6,4522,4190,0.0734188412206988,103,86,200,198,2,2,2
10012438,45.3000375,14,6,6,1,2,0,1,1,7,4756,4812,-0.011774600504625737,82,76,300,297,4,3,2
10012439,45.3000375,6,12,6,1,4,1,1,1,7,9138,10065,-0.10144451739986868,101,90,400,396,6,4,2
10012440,45.3000375,8,5,5,1,1,0,1,1,5,3071,2470,0.19570172582220774,98,66,200,198,2,2,2
10012441,45.3000375,6,10,9,1,2,0,1,1,8,4769,5006,-0.04969595302998532,94,83,300,297,4,3,2
10012442,45.3000375,10,7,6,1,1,0,1,1,6,8279,5962,0.2798647179611064,87,70,400,396,6,4,2
10012443,45.3000375,11,10,5,1,3,0,1,1,8,4690,4658,0.006823027718550106,80,74,200,198,2,2,2
10012444,45.3000375,4,10,3,1,0,1,1,1,4,5764,4919,0.14659958362248438,90,61,300,297,4,3,2
10012445,45.3000375,7,6,7,1,2,0,3,3,5,8352,6144,0.26436781609195403,97,67,400,396,6,4,2
10012446,45.3000375,10,8,8,1,3,0,1,1,8,5436,5918,-0.08866813833701251,83,74,200,198,2,2,2
10012447,45.3000375,12,4,5,1,0,1,1,1,6,5394,4941,0.08398220244716352,93,79,300,297,4,3,2
10012448,45.3000375,9,7,9,1,2,1,1,1,7,7583,8110,-0.0694975603323223,92,87,400,396,6,4,2
10012449,45.3000375,5,6,3,1,2,2,0,0,4,3254,2055,0.36846957590657653,105,55,200,198,2,2,2
10012450,45.3000375,9,9,5,1,2,1,0,0,6,4061,4233,-0.04235409997537552,102,87,300,297,4,3,2
10012451,45.3000375,8,5,5,1,1,0,1,1,5,10027,7418,0.26019746683953326,92,58,400,396,6,4,2
10012452,45.3000375,9,8,7,1,2,2,0,0,8,4525,4628,-0.02276243093922652,102,89,200,198,2,2,2
10012453,45.3000375,8,7,8,1,1,0,2,2,7,4644,4769,-0.026916451335055987,77,68,300,297,4,3,2
10012454,45.3000375,8,8,10,1,2,3,2,2,8,10886,11531,-0.05925041337497704,100,91,400,396,6,4,2
10012455,45.3000375,10,4,10,1,2,0,4,4,6,5804,5863,-0.01016540317022743,91,78,200,198,2,2,2
10012456,45.3000375,10,6,8,1,2,0,3,3,7,7397,7794,-0.053670406921725027,96,86,300,297,4,3,2
10012457,45.3000375,8,6,7,1,2,0,2,2,5,10606,10356,0.023571563266075807,103,79,400,396,6,4,2
10012458,45.3000375,3,12,8,1,0,1,3,3,8,4379,4685,-0.06987896780086778,78,68,200,198,2,2,2
10012459,45.3000375,7,10,7,1,0,1,4,4,6,3425,3614,-0.055182481751824816,91,81,300,297,4,3,2
10012460,45.3000375,7,13,4,1,2,1,1,1,6,8845,9008,-0.01842849067269644,94,84,400,396,6,4,2
10012461,45.3000375,13,6,6,1,1,2,1,1,7,3529,5203,-0.47435534145650327,97,86,200,198,2,2,2
10012462,45.3000375,13,7,4,1,0,0,3,3,6,4553,4493,0.013178124313639359,99,86,300,297,4,3,2
10012463,45.3000375,5,8,11,1,3,0,4,4,7,9065,10074,-0.11130722559293987,86,75,400,396,6,4,2
10012464,45.3000375,8,8,10,1,1,3,1,1,8,6361,6619,-0.040559660430749885,78,72,200,198,2,2,2
10012465,45.3000375,9,6,8,1,1,0,2,2,6,5566,5557,0.0016169601149838304,89,78,300,297,4,3,2
10012466,45.3000375,7,9,6,1,1,0,1,1,7,7525,7749,-0.029767441860465118,78,70,400,396,6,4,2
10012467,45.3000375,12,5,9,1,4,0,2,2,7,4181,4432,-0.06003348481224587,89,81,200,198,2,2,2
10012468,45.3000375,8,9,5,1,1,2,2,2,6,8336,6689,0.1975767754318618,91,75,300,297,4,3,2
10012469,45.3000375,6,9,9,1,1,2,4,4,6,8465,9435,-0.11458948611931483,98,87,400,396,6,4,2
10012470,45.3000375,6,7,13,1,1,0,7,7,5,5630,6037,-0.07229129662522202,96,91,200,198,2,2,2
10012471,45.3000375,7,11,6,1,1,1,0,0,8,3745,3863,-0.0315086782376502,91,82,300,297,4,3,2
10012472,45.3000375,10,8,7,1,3,0,0,0,8,7105,7638,-0.07501759324419423,106,95,400,396,6,4,2
10012473,45.3000375,8,12,6,1,2,2,0,0,8,5597,5808,-0.03769876719671252,93,83,200,198,2,2,2
10012474,45.3000375,9,7,4,1,0,1,0,0,5,3704,3635,0.01862850971922246,94,80,300,297,4,3,2
10012475,45.3000375,5,7,13,1,0,1,5,5,5,8568,9593,-0.1196311858076564,100,95,400,396,6,4,2
10012476,45.3000375,9,8,9,1,2,1,0,0,8,5331,6075,-0.13956105796285875,96,87,200,198,2,2,2
10012477,45.3000375,5,7,13,1,1,0,3,3,8,4735,5291,-0.11742344244984161,75,69,300,297,4,3,2
10012478,45.3000375,12,4,7,1,1,0,1,1,5,7073,6985,0.012441679626749611,83,71,400,396,6,4,2
10012479,45.3000375,8,5,8,1,2,0,2,2,6,5012,4807,0.04090183559457303,85,70,200,198,2,2,2
10012480,45.3000375,7,8,9,1,1,2,1,1,6,10635,11435,-0.07522331922896097,84,73,300,297,4,3,2
10012481,45.3000375,6,9,7,1,2,0,1,1,8,10591,10028,0.05315834198848079,93,81,400,396,6,4,2
10012482,45.3000375,2,0,2,1,0,0,0,0,0,5186,710,0.8630929425376013,96,12,200,198,2,2,2
10012483,45.3000375,6,13,5,1,2,1,0,0,7,3400,3626,-0.06647058823529411,95,84,300,297,4,3,2
10012484,45.3000375,7,10,6,1,1,0,0,0,8,6797,7170,-0.05487715168456672,91,80,400,396,6,4,2
10012485,45.3000375,5,6,13,1,0,0,7,7,7,3902,4272,-0.09482316760635572,83,77,200,198,2,2,2
10012486,45.3000375,7,10,8,1,1,0,1,1,7,4148,4223,-0.01808100289296046,84,79,300,297,4,3,2
10012487,45.3000375,11,6,7,1,1,2,0,0,7,10373,10301,0.006941097078954979,91,77,400,396,6,4,2
10012488,45.3000375,6,9,9,1,1,3,3,3,7,3532,4253,-0.20413363533408835,78,71,200,198,2,2,2
10012489,45.3000375,5,12,8,1,2,1,2,2,7,4354,4534,-0.04134129536058796,84,79,300,297,4,3,2
10012490,45.3000375,9,5,6,1,2,1,1,1,6,10327,7853,0.23956618572673574,93,67,400,396,6,4,2
10012491,45.3000375,11,10,3,1,2,0,1,1,7,3494,3532,-0.010875787063537493,101,87,200,198,2,2,2
10012492,45.3000375,8,8,6,1,2,3,0,0,6,5198,5600,-0.07733743747595229,86,73,300,297,4,3,2
10012493,45.3000375,6,5,10,1,1,0,2,2,7,10029,9444,0.05833084056236913,84,67,400,396,6,4,2
10012494,45.3000375,7,8,11,1,0,1,2,2,8,5192,5361,-0.03255007704160247,99,90,200,198,2,2,2
10012495,45.3000375,9,10,5,1,3,1,0,0,7,7754,8657,-0.11645602269796235,77,68,300,297,4,3,2
10012496,45.3000375,4,3,5,1,1,1,1,1,3,10534,2496,0.7630529713309284,85,37,400,396,6,4,2
10012497,45.3000375,5,10,7,1,1,1,1,1,8,5186,5488,-0.05823370613189356,85,73,200,198,2,2,2
10012498,45.3000375,8,7,6,1,3,1,0,0,7,7569,7104,0.06143479984145858,87,70,300,297,4,3,2
10012499,45.3000375,12,7,5,1,3,1,1,1,5,8269,8491,-0.026847260853791268,72,64,400,396,6,4,2
10012500,45.3000375,10,4,5,1,1,0,1,1,5,3140,2788,0.11210191082802548,79,57,200,198,2,2,2
10012501,45.3000375,2,13,9,1,1,1,0,0,8,7741,8275,-0.06898333548637127,94,85,300,297,4,3,2
10012502,45.3000375,12,7,4,1,2,0,2,2,6,5711,5830,-0.02083698126422693,99,85,400,396,6,4,2
10012503,45.3000375,7,8,6,1,2,0,0,0,7,4637,4804,-0.036014664653871035,96,81,200,198,2,2,2
10012504,45.3000375,7,6,11,1,1,0,6,6,5,11512,11812,-0.026059763724808897,92,84,300,297,4,3,2
10012505,45.3000375,0,0,0,1,0,0,0,0,0,7974,216,0.9729119638826185,74,0,400,396,6,4,2
10012506,45.3000375,6,6,9,1,3,1,5,5,5,5657,6308,-0.11507866360261623,86,73,200,198,2,2,2
10012507,45.3000375,8,6,10,1,2,0,3,3,7,8452,8579,-0.015026029342167534,98,86,300,297,4,3,2
10012508,45.3000375,0,0,0,1,0,0,0,0,0,9926,232,0.9766270400967157,95,0,400,396,6,4,2
10012509,45.3000375,6,6,7,1,0,1,1,1,6,4795,4044,0.15662148070907195,94,69,200,198,2,2,2
10012510,45.3000375,9,8,6,1,2,2,1,1,6,3629,3839,-0.05786718104160926,105,90,300,297,4,3,2
10012511,45.3000375,8,10,8,1,1,2,1,1,8,6653,6842,-0.02840823688561551,89,84,400,396,6,4,2
10012512,45.3000375,4,11,8,1,1,1,1,1,8,4271,4689,-0.09786935143994381,79,71,200,198,2,2,2
10012513,45.3000375,12,8,3,1,1,1,0,0,6,3922,3822,0.025497195308516064,96,83,300,297,4,3,2
10012514,45.3000375,5,10,11,1,0,0,4,4,6,10315,10711,-0.03839069316529326,87,81,400,396,6,4,2
10012515,45.3000375,11,2,5,1,0,0,2,2,4,3369,2848,0.15464529533986346,91,65,200,198,2,2,2
10012516,45.3000375,9,6,8,1,0,1,3,3,6,3916,4165,-0.063585291113381,86,77,300,297,4,3,2
10012517,45.3000375,8,8,7,1,1,1,1,1,7,7149,6644,0.07063925024478948,72,61,400,396,6,4,2
10012518,45.3000375,9,11,4,1,4,0,0,0,7,4987,5078,-0.018247443352717066,83,76,200,198,2,2,2
10012519,45.3000375,4,5,9,1,2,0,2,2,5,4499,4653,-0.034229828850855744,80,60,300,297,4,3,2
10012520,45.3000375,10,7,8,1,1,2,0,0,7,7960,8065,-0.013190954773869347,95,90,400,396,6,4,2
10012521,45.3000375,6,7,6,1,0,1,1,1,5,3850,3861,-0.002857142857142857,93,79,200,198,2,2,2
10012522,45.3000375,10,7,8,1,2,1,1,1,5,5628,6179,-0.09790334044065388,77,71,300,297,4,3,2
10012523,45.3000375,7,10,8,1,0,0,1,1,8,9041,9459,-0.046233823692069465,84,76,400,396,6,4,2
10012524,45.3000375,12,6,4,1,1,1,1,1,6,4532,4288,0.05383936451897617,93,78,200,198,2,2,2
10012525,45.3000375,9,8,10,1,2,0,5,5,6,3943,4203,-0.06593963986812072,96,90,300,297,4,3,2
10012526,45.3000375,11,7,4,1,3,0,0,0,6,6290,6232,0.009220985691573928,105,85,400,396,6,4,2
10012527,45.3000375,7,11,5,1,2,1,2,2,6,4220,4569,-0.08270142180094786,102,88,200,198,2,2,2
10012528,45.3000375,5,9,11,1,3,0,3,3,8,6954,7489,-0.07693413862525166,92,85,300,297,4,3,2
10012529,45.3000375,13,5,6,1,2,0,0,0,7,7828,7608,0.02810424118548799,89,82,400,396,6,4,2
10012530,45.3000375,13,3,3,1,1,0,1,1,4,4218,2951,0.3003793266951162,88,55,200,198,2,2,2
10012531,45.3000375,9,9,5,1,2,1,1,1,7,5063,5229,-0.03278688524590164,77,69,300,297,4,3,2
10012532,45.3000375,9,7,7,1,2,0,4,4,6,5871,5896,-0.0042582183614375746,109,97,400,396,6,4,2
10012533,45.3000375,11,3,10,1,1,0,1,1,7,4211,4286,-0.017810496319164093,91,81,200,198,2,2,2
10012534,45.3000375,10,8,6,1,3,0,2,2,7,5300,5523,-0.04207547169811321,79,69,300,297,4,3,2
10012535,45.3000375,9,7,7,1,1,2,3,3,6,9223,9753,-0.05746503306950016,102,86,400,396,6,4,2
10012536,45.3000375,7,11,5,1,3,1,0,0,7,3157,3052,0.03325942350332594,95,75,200,198,2,2,2
10012537,45.3000375,12,7,3,1,0,2,2,2,5,5620,5518,0.018149466192170817,82,69,300,297,4,3,2
10012538,45.3000375,10,4,8,1,2,1,3,3,5,12116,12681,-0.04663255199735886,94,82,400,396,6,4,2
10012539,45.3000375,3,10,10,1,1,0,3,3,7,4006,4383,-0.09410883674488267,97,86,200,198,2,2,2
10012540,45.3000375,6,7,11,1,1,2,6,6,6,5739,6372,-0.11029796131730267,94,84,300,297,4,3,2
10012541,45.3000375,8,9,7,1,2,2,2,2,7,8102,8535,-0.05344359417427796,90,78,400,396,6,4,2
10012542,45.3000375,6,11,6,1,3,2,0,0,7,3577,4091,-0.14369583449818282,96,84,200,198,2,2,2
10012543,45.3000375,10,7,8,1,0,0,3,3,7,7619,7532,0.011418821367633548,80,73,300,297,4,3,2
10012544,45.3000375,1,7,8,1,0,0,2,2,5,8855,4049,0.5427442123094297,92,49,400,396,6,4,2
10012545,45.3000375,11,10,2,1,1,0,1,1,5,3440,3323,0.034011627906976746,85,73,200,198,2,2,2
10012546,45.3000375,11,9,4,1,3,0,1,1,7,6169,6417,-0.04020100502512563,87,77,300,297,4,3,2
10012547,45.3000375,6,9,8,1,1,1,1,1,6,5985,6235,-0.04177109440267335,81,71,400,396,6,4,2
10012548,45.3000375,14,4,4,1,2,2,1,1,5,3221,3314,-0.02887302080099348,109,91,200,198,2,2,2
10012549,45.3000375,11,9,3,1,1,1,0,0,7,4590,5855,-0.275599128540305,82,71,300,297,4,3,2
10012550,45.3000375,9,5,8,1,1,1,5,5,5,6987,6706,0.0402175468727637,89,68,400,396,6,4,2
10012551,45.3000375,7,5,8,1,0,0,1,1,6,4544,4063,0.10585387323943662,90,70,200,198,2,2,2
10012552,45.3000375,9,7,8,1,1,2,4,4,6,4381,4728,-0.07920566080803469,94,87,300,297,4,3,2
10012553,45.3000375,7,5,6,1,1,0,0,0,6,10289,8681,0.15628340946642044,93,67,400,396,6,4,2
10012554,45.3000375,11,4,6,1,1,1,0,0,6,3656,3560,0.0262582056892779,91,78,200,198,2,2,2
10012555,45.3000375,9,5,6,1,1,0,1,1,5,4006,3326,0.16974538192710933,98,71,300,297,4,3,2
10012556,45.3000375,9,3,7,1,2,0,0,0,6,7873,5949,0.24437952495871967,81,62,400,396,6,4,2
10012557,45.3000375,8,12,4,1,1,2,0,0,7,3743,3766,-0.006144803633449105,84,74,200,198,2,2,2
10012558,45.3000375,7,10,5,1,1,2,1,1,6,4092,4292,-0.04887585532746823,91,75,300,297,4,3,2
10012559,45.3000375,9,7,9,1,1,0,4,4,5,9215,9849,-0.06880086814975583,86,79,400,396,6,4,2
10012560,45.3000375,11,8,5,1,2,1,1,1,7,4474,4615,-0.03151542244076889,90,79,200,198,2,2,2
10012561,45.3000375,8,11,3,1,3,0,2,2,6,3286,3505,-0.06664637857577602,88,74,300,297,4,3,2
10012562,45.3000375,2,0,1,1,0,0,0,0,1,6766,438,0.9352645580845403,99,12,400,396,6,4,2
10012563,45.3000375,12,7,4,1,0,0,3,3,5,2692,2745,-0.019687964338781574,82,71,200,198,2,2,2
10012564,45.3000375,6,10,9,1,1,0,3,3,7,4567,4724,-0.03437705276987081,99,88,300,297,4,3,2
10012565,45.3000375,6,7,8,1,2,0,3,3,5,7016,6874,0.02023945267958951,89,70,400,396,6,4,2
10012566,45.3000375,11,4,7,1,1,2,0,0,7,3364,3490,-0.03745541022592152,77,65,200,198,2,2,2
10012567,45.3000375,9,6,8,1,0,0,2,2,7,6980,6676,0.04355300859598854,84,75,300,297,4,3,2
10012568,45.3000375,8,3,12,1,1,1,5,5,4,5608,6181,-0.10217546362339515,88,80,400,396,6,4,2
10012569,45.3000375,11,7,5,1,0,2,1,1,5,4321,4291,0.006942837306179125,88,77,200,198,2,2,2
10012570,45.3000375,10,6,9,1,0,1,3,3,6,7016,7404,-0.05530216647662486,86,80,300,297,4,3,2
10012571,45.3000375,4,7,11,1,0,0,4,4,7,10141,6830,0.326496400749433,94,72,400,396,6,4,2
10012572,45.3000375,7,9,9,1,0,2,3,3,7,4438,4607,-0.0380802163136548,101,93,200,198,2,2,2
10012573,45.3000375,9,10,5,1,1,0,1,1,4,5493,6478,-0.17931913344256326,86,72,300,297,4,3,2
10012574,45.3000375,6,9,9,1,3,1,2,2,8,6806,7645,-0.12327358213341169,84,76,400,396,6,4,2
10012575,45.3000375,6,10,9,1,0,1,2,2,9,3563,3699,-0.038170081392085324,89,82,200,198,2,2,2
10012576,45.3000375,8,8,6,1,2,1,0,0,6,4719,5105,-0.08179699088789998,92,80,300,297,4,3,2
10012577,45.3000375,13,8,5,1,4,1,1,1,7,6649,6924,-0.0413596029478117,94,86,400,396,6,4,2
10012578,45.3000375,9,7,6,1,4,0,1,1,6,3701,3836,-0.036476627938395026,86,74,200,198,2,2,2
10012579,45.3000375,7,10,9,1,1,1,1,1,8,4532,4742,-0.04633715798764342,72,67,300,297,4,3,2
10012580,45.3000375,3,2,8,1,0,0,4,4,3,8789,3174,0.6388667652747753,93,44,400,396,6,4,2
10012581,45.3000375,9,8,5,1,1,2,0,0,7,4149,3589,0.13497228247770546,95,79,200,198,2,2,2
10012582,45.3000375,11,8,6,1,1,0,2,2,6,7779,7815,-0.004627844195912071,89,82,300,297,4,3,2
10012583,45.3000375,11,8,4,1,1,2,0,0,6,5960,5536,0.07114093959731543,86,70,400,396,6,4,2
10012584,45.3000375,10,6,5,1,2,1,0,0,5,3428,3130,0.08693115519253208,95,72,200,198,2,2,2
10012585,45.3000375,7,7,7,1,1,0,1,1,6,6622,4545,0.3136514648142555,79,60,300,297,4,3,2
10012586,45.3000375,10,8,5,1,2,1,1,1,6,6815,6827,-0.0017608217168011738,92,80,400,396,6,4,2
10012587,45.3000375,12,8,5,1,2,1,0,0,7,4167,3984,0.043916486681065514,82,74,200,198,2,2,2
10012588,45.3000375,9,6,7,1,3,0,0,0,7,5967,5545,0.07072230601642367,105,82,300,297,4,3,2
10012589,45.3000375,12,8,3,1,1,1,0,0,6,7133,7184,-0.007149866816206365,101,83,400,396,6,4,2
10012590,45.3000375,8,6,7,1,1,1,2,2,4,3917,4086,-0.04314526423283125,87,74,200,198,2,2,2
10012591,45.3000375,5,6,12,1,2,0,4,4,7,4859,5500,-0.1319201481786376,87,75,300,297,4,3,2
10012592,45.3000375,9,8,4,1,3,0,0,0,6,8830,9040,-0.02378255945639864,85,71,400,396,6,4,2
10012593,45.3000375,8,7,5,1,1,2,1,1,5,3791,3002,0.20812450540754418,88,63,200,198,2,2,2
10012594,45.3000375,8,8,7,1,2,1,1,1,6,7284,7633,-0.04791323448654585,84,71,300,297,4,3,2
10012595,45.3000375,8,8,9,1,3,1,2,2,8,5578,6523,-0.16941556113302259,82,76,400,396,6,4,2
10012596,45.3000375,8,7,6,1,1,0,2,2,5,3881,3494,0.09971656789487246,92,72,200,198,2,2,2
10012597,45.3000375,6,7,9,1,3,1,1,1,7,5830,6458,-0.10771869639794168,78,68,300,297,4,3,2
10012598,45.3000375,7,8,8,1,0,3,1,1,6,11134,11452,-0.02856116400215556,90,80,400,396,6,4,2
10012599,45.3000375,13,8,3,1,2,1,0,0,6,3616,3606,0.0027654867256637168,78,71,200,198,2,2,2
10012600,45.3000375,6,7,11,1,1,2,3,3,7,4511,4876,-0.08091332298825094,78,71,300,297,4,3,2
10012601,45.3000375,11,4,9,1,1,0,4,4,5,6758,6828,-0.010358094110683634,87,77,400,396,6,4,2
10012602,45.3000375,8,10,8,1,0,5,1,1,7,5410,5905,-0.09149722735674677,94,87,200,198,2,2,2
10012603,45.3000375,6,6,8,1,0,0,1,1,7,4257,4322,-0.01526896875734085,84,67,300,297,4,3,2
10012604,45.3000375,10,11,2,1,2,1,0,0,6,9766,9803,-0.003788654515666598,86,70,400,396,6,4,2
10012605,45.3000375,10,6,9,1,2,2,3,3,6,3688,4115,-0.11578091106290672,93,83,200,198,2,2,2
10012606,45.3000375,13,4,7,1,1,0,1,1,6,5783,5720,0.01089399965415874,83,73,300,297,4,3,2
10012607,45.3000375,9,8,9,1,1,2,1,1,8,8004,8451,-0.05584707646176912,81,77,400,396,6,4,2
10012608,45.3000375,9,5,8,1,1,1,2,2,6,5276,4938,0.0640636846095527,85,75,200,198,2,2,2
10012609,45.3000375,6,8,10,1,1,0,4,4,7,5428,6039,-0.11256448047162859,93,81,300,297,4,3,2
10012610,45.3000375,10,7,7,1,2,2,0,0,7,8793,9662,-0.09882861366996475,80,71,400,396,6,4,2
10012611,45.3000375,10,6,5,1,1,1,0,0,6,4845,4926,-0.01671826625386997,91,78,200,198,2,2,2
10012612,45.3000375,13,5,6,1,3,1,2,2,6,5738,6018,-0.04879749041477867,84,75,300,297,4,3,2
10012613,45.3000375,10,5,11,1,2,1,5,5,6,9857,10184,-0.033174393831794664,95,88,400,396,6,4,2
10012614,45.3000375,9,12,4,1,4,1,0,0,7,4868,5082,-0.04396055875102712,80,71,200,198,2,2,2
10012615,45.3000375,7,6,7,1,0,1,1,1,7,6765,6524,0.03562453806356245,82,62,300,297,4,3,2
10012616,45.3000375,10,7,7,1,1,2,2,2,6,6534,6892,-0.05479032751760025,84,74,400,396,6,4,2
10012617,45.3000375,8,9,6,1,1,1,1,1,6,5290,5351,-0.011531190926275992,92,84,200,198,2,2,2
10012618,45.3000375,9,6,10,1,1,0,2,2,8,5983,6289,-0.0511449105799766,91,85,300,297,4,3,2
10012619,45.3000375,8,8,8,1,2,1,0,0,8,11798,12218,-0.03559925411086625,79,70,400,396,6,4,2
10012620,45.3000375,9,13,1,1,4,0,0,0,6,3401,3536,-0.039694207586004115,99,87,200,198,2,2,2
10012621,45.3000375,9,9,6,1,3,0,1,1,7,8383,8999,-0.07348204699988072,89,78,300,297,4,3,2
10012622,45.3000375,10,5,8,1,3,1,3,3,6,8909,10015,-0.12414412391963184,98,87,400,396,6,4,2
10012623,45.3000375,10,8,4,1,1,0,1,1,6,4736,4794,-0.012246621621621621,87,73,200,198,2,2,2
10012624,45.3000375,6,10,7,1,1,0,1,1,7,4525,4831,-0.0676243093922652,96,80,300,297,4,3,2
10012625,45.3000375,6,10,10,1,1,1,3,3,8,8081,8806,-0.08971661923029328,79,75,400,396,6,4,2
10012626,45.3000375,4,12,9,1,0,1,3,3,8,4382,4685,-0.06914650844363304,92,87,200,198,2,2,2
10012627,45.3000375,12,7,3,1,1,1,1,1,5,3451,3365,0.024920312952767313,81,71,300,297,4,3,2
10012628,45.3000375,8,7,7,1,1,2,1,1,7,11489,11896,-0.035425189311515365,89,77,400,396,6,4,2
10012629,45.3000375,9,6,8,1,0,0,4,4,5,3924,4062,-0.035168195718654434,90,79,200,198,2,2,2
10012630,45.3000375,7,8,9,1,2,1,2,2,8,4966,5407,-0.08880386629077729,85,78,300,297,4,3,2
10012631,45.3000375,3,10,9,1,2,1,4,4,6,10085,10003,0.008130887456618741,87,72,400,396,6,4,2
10012632,45.3000375,7,9,7,1,1,2,3,3,4,3797,3414,0.10086910718988676,80,63,200,198,2,2,2
10012633,45.3000375,8,10,7,1,1,3,1,1,7,3746,3992,-0.06567004805125468,91,82,300,297,4,3,2
10012634,45.3000375,7,10,6,1,2,0,0,0,7,8216,8644,-0.05209347614410906,78,69,400,396,6,4,2
10012635,45.3000375,4,9,7,1,1,1,2,2,6,3559,2963,0.16746277044113514,85,61,200,198,2,2,2
10012636,45.3000375,9,7,6,1,2,1,1,1,6,5731,5323,0.07119176409003665,82,70,300,297,4,3,2
10012637,45.3000375,10,8,6,1,0,1,1,1,7,8948,8435,0.05733124720607957,77,71,400,396,6,4,2
10012638,45.3000375,6,12,5,1,1,3,1,1,7,4898,4952,-0.011024908125765618,80,73,200,198,2,2,2
10012639,45.3000375,11,5,8,1,0,2,1,1,6,4039,3833,0.05100272344639762,95,83,300,297,4,3,2
10012640,45.3000375,11,7,7,1,2,0,2,2,6,9431,10031,-0.06361997667267522,91,86,400,396,6,4,2
10012641,45.3000375,8,10,7,1,2,0,3,3,6,3812,4149,-0.08840503672612801,82,75,200,198,2,2,2
10012642,45.3000375,11,9,5,1,1,1,2,2,7,8471,8470,0.00011804981702278361,83,74,300,297,4,3,2
10012643,45.3000375,12,9,4,1,2,1,1,1,7,7780,7503,0.03560411311053985,86,79,400,396,6,4,2
10012644,45.3000375,9,9,4,1,1,3,1,1,5,3366,3003,0.10784313725490197,96,75,200,198,2,2,2
10012645,45.3000375,9,8,7,1,2,2,1,1,5,5681,5920,-0.042070058088364726,99,90,300,297,4,3,2
10012646,45.3000375,9,7,8,1,1,0,2,2,8,8330,8622,-0.03505402160864346,96,83,400,396,6,4,2
10012647,45.3000375,12,8,4,1,2,1,1,1,5,3563,3436,0.03564412012349144,91,77,200,198,2,2,2
10012648,45.3000375,5,10,7,1,1,0,2,2,7,5715,5971,-0.04479440069991251,86,75,300,297,4,3,2
10012649,45.3000375,6,11,6,1,2,0,2,2,6,9365,10107,-0.07923117992525361,94,82,400,396,6,4,2
10012650,45.3000375,8,10,4,1,4,1,0,0,6,4400,4547,-0.03340909090909091,84,71,200,198,2,2,2
10012651,45.3000375,6,8,9,1,1,2,3,3,7,8168,8850,-0.08349657198824682,86,77,300,297,4,3,2
10012652,45.3000375,12,5,5,1,1,0,2,2,6,5629,5513,0.020607567951678805,91,75,400,396,6,4,2
10012653,45.3000375,7,9,9,1,1,1,2,2,7,4056,4317,-0.0643491124260355,92,84,200,198,2,2,2
10012654,45.3000375,8,11,5,1,1,0,2,2,6,3854,3900,-0.011935651271406332,87,80,300,297,4,3,2
10012655,45.3000375,8,8,7,1,0,2,2,2,7,11672,11577,0.008139136394790953,87,73,400,396,6,4,2
10012656,45.3000375,8,7,8,1,3,0,2,2,5,4315,4768,-0.10498261877172653,83,75,200,198,2,2,2
10012657,45.3000375,10,7,7,1,2,0,3,3,6,6890,6979,-0.012917271407837445,92,81,300,297,4,3,2
10012658,45.3000375,9,9,5,1,0,0,1,1,7,9462,9184,0.029380680617205664,83,72,400,396,6,4,2
10012659,45.3000375,14,8,1,1,5,0,1,1,5,3649,3772,-0.033707865168539325,76,67,200,198,2,2,2
10012660,45.3000375,7,11,6,1,0,3,1,1,6,4272,4528,-0.0599250936329588,88,77,300,297,4,3,2
10012661,45.3000375,9,10,7,1,0,2,2,2,8,8929,8776,0.01713517751147945,88,79,400,396,6,4,2
10012662,45.3000375,8,9,7,1,0,3,4,4,5,5068,5027,0.00808997632202052,93,84,200,198,2,2,2
10012663,45.3000375,10,10,4,1,3,0,0,0,7,9754,9740,0.0014353085913471396,77,68,300,297,4,3,2
10012664,45.3000375,6,9,11,1,1,0,6,6,6,8238,8899,-0.08023792182568584,85,81,400,396,6,4,2
10012665,45.3000375,7,12,5,1,1,1,0,0,7,4841,4954,-0.02334228465193142,85,77,200,198,2,2,2
10012666,45.3000375,9,7,7,1,0,2,2,2,6,6495,6583,-0.013548883756735951,75,66,300,297,4,3,2
10012667,45.3000375,7,6,13,1,1,1,4,4,7,12952,13939,-0.07620444718962323,100,94,400,396,6,4,2
10012668,45.3000375,13,7,6,1,3,0,1,1,7,3965,4009,-0.011097099621689786,92,84,200,198,2,2,2
10012669,45.3000375,7,11,6,1,1,1,0,0,8,7780,8433,-0.0839331619537275,97,82,300,297,4,3,2
10012670,45.3000375,14,6,1,1,2,1,0,0,5,8239,7541,0.08471901929845856,88,69,400,396,6,4,2
10012671,45.3000375,5,11,10,1,1,1,2,2,8,5326,5927,-0.11284265865565152,82,74,200,198,2,2,2
10012672,45.3000375,11,4,6,1,2,1,1,1,6,4729,4638,0.01924296891520406,97,79,300,297,4,3,2
10012673,45.3000375,4,7,7,1,3,0,2,2,6,10288,6441,0.3739307931570762,101,66,400,396,6,4,2
10012674,45.3000375,1,11,4,1,1,1,0,0,4,5522,3835,0.30550525172039117,98,62,200,198,2,2,2
10012675,45.3000375,9,10,5,1,2,2,1,1,7,6172,5063,0.17968243681140636,95,78,300,297,4,3,2
10012676,45.3000375,2,4,4,1,2,0,0,0,4,11146,1900,0.8295352592858425,92,32,400,396,6,4,2
10012677,45.3000375,4,10,9,1,0,1,2,2,7,3485,3776,-0.08350071736011477,79,71,200,198,2,2,2
10012678,45.3000375,12,9,4,1,3,2,0,0,7,6233,6348,-0.01845018450184502,66,61,300,297,4,3,2
10012679,45.3000375,8,5,13,1,1,0,3,3,7,12707,13390,-0.05374990162902337,83,78,400,396,6,4,2
10012680,45.3000375,5,8,7,1,0,0,4,4,6,3716,3391,0.08745963401506997,96,72,200,198,2,2,2
10012681,45.3000375,10,11,4,1,0,2,2,2,6,3242,3349,-0.03300431832202344,81,71,300,297,4,3,2
10012682,45.3000375,5,8,13,1,2,0,5,5,7,8449,9401,-0.11267605633802817,84,78,400,396,6,4,2
10012683,45.3000375,11,8,6,1,2,0,1,1,8,3524,3404,0.0340522133938706,82,74,200,198,2,2,2
10012684,45.3000375,5,10,8,1,2,0,0,0,7,7352,7922,-0.07752992383025027,86,75,300,297,4,3,2
10012685,45.3000375,6,13,3,1,1,0,2,2,6,7697,6923,0.1005586592178771,92,78,400,396,6,4,2
10012686,45.3000375,6,11,9,1,2,1,3,3,6,3992,4445,-0.11347695390781563,74,69,200,198,2,2,2
10012687,45.3000375,5,8,5,1,2,0,3,3,5,4336,4100,0.0544280442804428,91,67,300,297,4,3,2
10012688,45.3000375,11,6,8,1,2,0,2,2,7,7828,8245,-0.053270311701584055,81,73,400,396,6,4,2
10012689,45.3000375,6,9,6,1,1,0,1,1,6,4053,3810,0.05995558845299778,97,78,200,198,2,2,2
10012690,45.3000375,3,10,12,1,1,1,4,4,8,4538,5098,-0.12340237990304098,91,81,300,297,4,3,2
10012691,45.3000375,9,6,8,1,0,1,1,1,8,9342,9676,-0.035752515521301646,87,78,400,396,6,4,2
10012692,45.3000375,6,9,9,1,1,2,2,2,8,5372,5790,-0.07781087118391661,97,90,200,198,2,2,2
10012693,45.3000375,11,5,6,1,0,2,2,2,5,6031,6221,-0.031503896534571384,78,69,300,297,4,3,2
10012694,45.3000375,8,6,10,1,2,0,3,3,7,9608,9786,-0.018526228143213988,103,94,400,396,6,4,2
10012695,45.3000375,7,5,9,1,0,1,4,4,6,4409,4255,0.034928555227942845,96,83,200,198,2,2,2
10012696,45.3000375,6,1,7,2,0,0,2,2,3,9349,2148,0.770242806717296,105,45,300,297,4,3,2
10012697,45.3000375,8,7,9,1,1,2,0,0,8,10093,10501,-0.04042405627662737,89,76,400,396,6,4,2
10012698,45.3000375,11,9,6,1,1,0,1,1,7,4907,5055,-0.03016099449765641,83,78,200,198,2,2,2
10012699,45.3000375,14,7,4,1,1,2,0,0,7,4299,4234,0.015119795301232844,91,81,300,297,4,3,2
10012700,45.3000375,7,13,5,1,0,1,1,1,7,9562,9941,-0.03963605940179879,89,80,400,396,6,4,2
10012701,45.3000375,9,8,8,1,0,1,3,3,6,4294,4621,-0.07615277130880298,86,80,200,198,2,2,2
10012702,45.3000375,10,9,5,1,1,0,1,1,7,6658,6909,-0.03769900871132472,98,89,300,297,4,3,2
10012703,45.3000375,13,3,6,1,1,0,1,1,5,8346,8685,-0.04061826024442847,89,77,400,396,6,4,2
10012704,45.3000375,7,6,7,1,0,1,0,0,6,3073,2391,0.22193296452977546,99,69,200,198,2,2,2
10012705,45.3000375,12,2,5,1,0,0,4,4,3,3735,3608,0.03400267737617135,82,62,300,297,4,3,2
10012706,45.3000375,3,12,8,1,1,1,2,2,6,8355,8517,-0.01938958707360862,83,68,400,396,6,4,2
10012707,45.3000375,8,6,9,1,3,0,2,2,6,5440,5986,-0.10036764705882353,87,78,200,198,2,2,2
10012708,45.3000375,8,10,4,1,0,3,0,0,6,3824,3703,0.031642259414225944,88,70,300,297,4,3,2
10012709,45.3000375,10,7,9,1,2,0,3,3,8,8738,9479,-0.08480201419089037,93,82,400,396,6,4,2
10012710,45.3000375,7,7,9,1,2,1,3,3,7,4860,5237,-0.07757201646090535,96,84,200,198,2,2,2
10012711,45.3000375,7,7,7,1,1,1,0,0,7,6862,6344,0.07548819586126494,74,59,300,297,4,3,2
10012712,45.3000375,5,4,5,1,1,1,2,2,3,9294,3858,0.5848934796642995,92,46,400,396,6,4,2
10012713,45.3000375,6,10,6,1,0,1,1,1,7,4326,4438,-0.025889967637540454,101,84,200,198,2,2,2
10012714,45.3000375,9,7,5,1,0,0,1,1,7,6619,5471,0.1734400966913431,97,76,300,297,4,3,2
10012715,45.3000375,13,6,4,1,2,0,0,0,7,8732,8863,-0.01500229042601924,89,79,400,396,6,4,2
10012716,45.3000375,7,5,6,1,0,2,2,2,5,5534,3836,0.3068305023491146,92,57,200,198,2,2,2
10012717,45.3000375,13,4,5,1,1,2,2,2,5,3995,3929,0.016520650813516898,86,73,300,297,4,3,2
10012718,45.3000375,7,10,6,1,2,1,1,1,6,12334,12454,-0.009729203826820172,82,72,400,396,6,4,2
10012719,45.3000375,13,4,9,1,1,0,3,3,6,4400,4573,-0.03931818181818182,82,76,200,198,2,2,2
10012720,45.3000375,11,7,7,1,3,0,3,3,6,8888,8882,0.0006750675067506751,84,77,300,297,4,3,2
10012721,45.3000375,14,5,6,1,0,0,1,1,7,7145,7009,0.019034289713086076,95,85,400,396,6,4,2
10012722,45.3000375,11,9,4,1,2,2,0,0,7,4096,4084,0.0029296875,94,81,200,198,2,2,2
10012723,45.3000375,6,10,8,1,1,1,1,1,8,6802,7072,-0.039694207586004115,97,86,300,297,4,3,2
10012724,45.3000375,6,8,7,1,0,0,3,3,6,12029,12987,-0.07964086790256879,86,75,400,396,6,4,2
10012725,45.3000375,5,7,3,1,1,0,1,1,4,4286,2481,0.42113859076061594,87,47,200,198,2,2,2
10012726,45.3000375,11,5,6,1,1,1,2,2,6,4483,4496,-0.0028998438545616775,81,67,300,297,4,3,2
10012727,45.3000375,4,5,5,1,0,1,1,1,4,9725,2621,0.7304884318766067,92,41,400,396,6,4,2
10012728,45.3000375,7,11,7,1,1,0,0,0,9,3608,3888,-0.07760532150776053,83,75,200,198,2,2,2
10012729,45.3000375,15,5,3,1,4,0,0,0,6,3752,3804,-0.013859275053304905,84,75,300,297,4,3,2
10012730,45.3000375,8,10,5,1,3,1,1,1,7,6487,6790,-0.046708802219824264,78,67,400,396,6,4,2
10012731,45.3000375,6,13,4,1,1,1,0,0,5,4942,5075,-0.026912181303116147,100,82,200,198,2,2,2
10012732,45.3000375,8,10,6,1,1,3,0,0,7,5087,5379,-0.05740121879300177,94,84,300,297,4,3,2
10012733,45.3000375,10,7,4,1,2,2,0,0,6,7509,7852,-0.04567851911040085,92,75,400,396,6,4,2
10012734,45.3000375,8,11,4,1,2,1,0,0,6,4735,4808,-0.015417106652587118,87,75,200,198,2,2,2
10012735,45.3000375,8,9,6,1,0,1,3,3,5,4731,4324,0.08602832382160219,90,71,300,297,4,3,2
10012736,45.3000375,8,5,12,1,0,0,5,5,7,8602,9349,-0.08684026970471984,88,80,400,396,6,4,2
10012737,45.3000375,10,7,7,1,2,1,3,3,4,4585,4835,-0.05452562704471101,81,73,200,198,2,2,2
10012738,45.3000375,9,9,6,1,1,0,4,4,4,4835,5068,-0.048190279214064116,105,93,300,297,4,3,2
10012739,45.3000375,3,2,3,1,1,0,0,0,3,11290,1474,0.8694419840566874,96,27,400,396,6,4,2
10012740,45.3000375,6,8,11,1,1,0,3,3,5,5589,6205,-0.11021649668992664,81,76,200,198,2,2,2
10012741,45.3000375,9,6,10,1,1,2,4,4,6,4395,5625,-0.27986348122866894,82,70,300,297,4,3,2
10012742,45.3000375,7,9,4,1,1,2,1,1,5,10231,8971,0.12315511680187664,90,68,400,396,6,4,2
10012743,45.3000375,9,5,9,1,1,0,2,2,7,4432,4545,-0.025496389891696752,89,78,200,198,2,2,2
10012744,45.3000375,7,6,4,1,1,0,0,0,6,3841,3253,0.15308513407966676,90,62,300,297,4,3,2
10012745,45.3000375,9,8,6,1,1,0,1,1,7,10211,10422,-0.020663989814905494,90,81,400,396,6,4,2
10012746,45.3000375,10,8,7,1,3,0,3,3,7,4039,4136,-0.024015845506313444,83,76,200,198,2,2,2
10012747,45.3000375,9,7,7,1,2,0,0,0,6,7166,7327,-0.022467206251744348,95,80,300,297,4,3,2
10012748,45.3000375,9,6,7,1,1,0,2,2,7,5812,4834,0.16827253957329663,90,72,400,396,6,4,2
10012749,45.3000375,10,6,6,1,0,2,2,2,6,3851,3469,0.09919501428200467,80,61,200,198,2,2,2
10012750,45.3000375,6,10,8,1,3,0,1,1,8,6832,7090,-0.03776346604215457,98,82,300,297,4,3,2
10012751,45.3000375,2,2,1,1,1,0,1,1,1,10082,873,0.9134100376909343,83,13,400,396,6,4,2
10012752,45.3000375,8,9,5,1,2,0,1,1,4,4036,4306,-0.06689791873141725,80,70,200,198,2,2,2
10012753,45.3000375,6,13,4,1,0,1,0,0,6,5806,5827,-0.0036169479848432657,77,65,300,297,4,3,2
10012754,45.3000375,7,2,4,1,0,2,0,0,3,9835,8376,0.14834773767158108,78,44,400,396,6,4,2
10012755,45.3000375,10,11,3,1,1,1,1,1,7,4114,4139,-0.006076810889645114,100,85,200,198,2,2,2
10012756,45.3000375,9,8,7,1,2,0,2,2,6,7006,6951,0.007850413930916357,83,74,300,297,4,3,2
10012757,45.3000375,12,9,5,1,5,0,0,0,8,5359,5743,-0.07165515954469118,106,98,400,396,6,4,2
10012758,45.3000375,6,11,8,1,3,1,1,1,8,4804,4995,-0.039758534554537886,101,84,200,198,2,2,2
10012759,45.3000375,4,12,8,1,2,3,3,3,7,9934,10637,-0.07076706261324743,103,93,300,297,4,3,2
10012760,45.3000375,6,10,9,1,3,1,1,1,9,12632,13286,-0.05177327422419253,97,88,400,396,6,4,2
10012761,45.3000375,6,9,6,1,1,1,0,0,7,5443,5644,-0.03692816461510197,84,74,200,198,2,2,2
10012762,45.3000375,7,12,6,1,1,1,1,1,7,4429,4590,-0.03635132083991872,101,91,300,297,4,3,2
10012763,45.3000375,10,10,6,1,3,0,2,2,7,9163,9567,-0.04409036341809451,88,80,400,396,6,4,2
10012764,45.3000375,9,8,9,1,1,1,0,0,9,4036,4084,-0.011892963330029732,92,81,200,198,2,2,2
10012765,45.3000375,9,6,5,1,1,1,1,1,6,5168,4969,0.0385061919504644,83,60,300,297,4,3,2
10012766,45.3000375,7,3,4,1,1,0,3,3,3,10579,3234,0.6943000283580679,85,44,400,396,6,4,2
10012767,45.3000375,6,6,10,1,4,0,3,3,7,6074,6655,-0.09565360553177478,86,75,200,198,2,2,2
10012768,45.3000375,8,8,7,1,1,0,2,2,6,5646,5956,-0.0549061282323769,93,79,300,297,4,3,2
10012769,45.3000375,8,6,12,1,1,2,3,3,6,10908,11478,-0.052255225522552254,84,79,400,396,6,4,2
10012770,45.3000375,12,7,5,1,1,2,2,2,6,5303,5156,0.027720158400905148,80,72,200,198,2,2,2
10012771,45.3000375,3,11,9,1,0,3,4,4,6,10446,10243,0.019433275895079455,99,84,300,297,4,3,2
10012772,45.3000375,6,8,9,1,0,1,3,3,6,11020,12052,-0.09364791288566243,85,74,400,396,6,4,2
10012773,45.3000375,9,6,6,1,1,0,1,1,7,3419,3311,0.031588183679438435,91,76,200,198,2,2,2
10012774,45.3000375,9,5,9,1,2,0,2,2,6,6226,6506,-0.0449726951493736,88,76,300,297,4,3,2
10012775,45.3000375,11,7,6,1,1,2,1,1,7,6890,6906,-0.0023222060957910013,103,89,400,396,6,4,2
10012776,45.3000375,10,8,3,1,3,0,1,1,5,3360,3800,-0.13095238095238096,77,66,200,198,2,2,2
10012777,45.3000375,6,14,3,1,0,0,0,0,7,4591,4421,0.037028969723371816,84,71,300,297,4,3,2
10012778,45.3000375,7,9,6,1,2,1,0,0,7,10642,8731,0.17957150911482803,81,65,400,396,6,4,2
10012779,45.3000375,8,9,8,1,3,2,0,0,7,4086,4445,-0.08786098874204601,77,72,200,198,2,2,2
10012780,45.3000375,7,10,7,1,2,1,2,2,6,4319,4532,-0.04931697152118546,96,81,300,297,4,3,2
10012781,45.3000375,8,8,4,1,3,0,1,1,6,9803,9677,0.012853208201570947,88,72,400,396,6,4,2
10012782,45.3000375,11,5,6,1,2,0,1,1,6,3267,3314,-0.014386287113559841,85,76,200,198,2,2,2
10012783,45.3000375,12,4,8,1,0,2,2,2,6,6262,6277,-0.0023954008304056212,86,76,300,297,4,3,2
10012784,45.3000375,11,9,5,1,0,2,0,0,8,10242,9706,0.05233352860769381,96,84,400,396,6,4,2
10012785,45.3000375,7,1,11,1,0,0,6,6,4,5651,3699,0.34542558839143517,83,58,200,198,2,2,2
10012786,45.3000375,12,4,7,1,0,0,2,2,7,8048,7761,0.0356610337972167,82,71,300,297,4,3,2
10012787,45.3000375,10,9,6,1,2,1,1,1,7,14300,14280,0.0013986013986013986,84,79,400,396,6,4,2
10012788,45.3000375,4,7,12,1,1,0,5,5,6,5741,5118,0.1085176798467166,84,63,200,198,2,2,2
10012789,45.3000375,8,6,10,1,1,1,4,4,7,8104,9200,-0.13524185587364265,88,81,300,297,4,3,2
10012790,45.3000375,11,6,8,1,3,1,1,1,7,7229,7567,-0.04675612117858625,78,69,400,396,6,4,2
10012791,45.3000375,0,3,0,1,0,1,0,0,0,5450,337,0.9381651376146789,99,14,200,198,2,2,2
10012792,45.3000375,10,6,8,1,2,0,5,5,5,4131,5074,-0.22827402565964658,68,61,300,297,4,3,2
10012793,45.3000375,8,7,6,1,1,1,1,1,6,6989,6112,0.12548290170267562,110,81,400,396,6,4,2
10012794,45.3000375,10,5,7,1,1,0,2,2,6,4126,4273,-0.03562772661173049,84,71,200,198,2,2,2
10012795,45.3000375,8,9,6,1,0,0,3,3,7,3367,3455,-0.026136026136026135,82,71,300,297,4,3,2
10012796,45.3000375,10,9,6,1,2,0,0,0,8,11557,11612,-0.004759020507052003,100,88,400,396,6,4,2
10012797,45.3000375,8,8,6,1,4,0,1,1,7,4160,4188,-0.006730769230769231,78,69,200,198,2,2,2
10012798,45.3000375,7,12,5,1,0,3,0,0,8,6078,6372,-0.04837117472852912,102,89,300,297,4,3,2
10012799,45.3000375,10,6,9,1,0,0,4,4,5,8202,8359,-0.019141672762740796,85,77,400,396,6,4,2
10012800,45.3000375,12,8,1,1,0,3,0,0,5,2890,2832,0.020069204152249134,85,69,200,198,2,2,2
10012801,45.3000375,10,7,5,1,1,1,1,1,5,4583,4483,0.02181976871045167,85,75,300,297,4,3,2
10012802,45.3000375,8,6,8,1,2,0,4,4,6,9271,9379,-0.011649228777909611,89,79,400,396,6,4,2
10012803,45.3000375,11,5,6,1,3,1,0,0,6,4381,4648,-0.06094498972837252,91,77,200,198,2,2,2
10012804,45.3000375,5,11,8,1,1,2,1,1,7,8338,8380,-0.005037179179659391,92,80,300,297,4,3,2
10012805,45.3000375,9,13,3,1,2,1,0,0,8,5981,5826,0.025915398762748704,95,85,400,396,6,4,2
10012806,45.3000375,9,9,7,1,1,1,1,1,6,4612,4904,-0.06331309627059845,94,85,200,198,2,2,2
10012807,45.3000375,6,8,6,1,2,0,0,0,6,7925,7724,0.025362776025236594,103,74,300,297,4,3,2
10012808,45.3000375,11,6,5,1,1,2,1,1,6,9458,9564,-0.011207443434129837,76,66,400,396,6,4,2
10012809,45.3000375,10,9,4,1,1,0,0,0,7,4687,4585,0.02176232131427352,94,81,200,198,2,2,2
10012810,45.3000375,8,10,7,1,1,0,3,3,7,3073,3692,-0.20143182557761147,85,74,300,297,4,3,2
10012811,45.3000375,11,8,5,1,2,2,1,1,5,7126,7352,-0.03171484703901207,87,77,400,396,6,4,2
10012812,45.3000375,11,6,8,1,3,2,2,2,6,5308,5724,-0.07837226827430294,70,64,200,198,2,2,2
10012813,45.3000375,10,6,6,1,1,0,1,1,4,6099,4332,0.2897196261682243,105,77,300,297,4,3,2
10012814,45.3000375,7,6,9,1,0,1,5,5,5,7978,7991,-0.0016294810729506142,82,71,400,396,6,4,2
10012815,45.3000375,9,4,13,1,2,1,5,5,5,4706,5129,-0.08988525286867828,102,93,200,198,2,2,2
10012816,45.3000375,4,7,10,1,1,1,4,4,5,5802,6184,-0.06583936573595311,88,71,300,297,4,3,2
10012817,45.3000375,10,4,9,1,2,0,3,3,6,11037,11601,-0.05110084262027725,78,69,400,396,6,4,2
10012818,45.3000375,8,10,6,1,3,0,0,0,7,4907,5125,-0.04442632973303444,88,78,200,198,2,2,2
10012819,45.3000375,0,0,0,1,0,0,0,0,0,4718,119,0.9747774480712166,96,0,300,297,4,3,2
10012820,45.3000375,6,8,10,1,2,1,0,0,8,9815,10264,-0.04574630667345899,98,84,400,396,6,4,2
10012821,45.3000375,8,9,6,1,2,1,0,0,8,3060,3189,-0.04215686274509804,86,75,200,198,2,2,2
10012822,45.3000375,11,9,5,1,2,1,0,0,8,7546,7317,0.030347203816591572,91,83,300,297,4,3,2
10012823,45.3000375,10,5,4,1,0,1,0,0,6,8827,7797,0.11668743627506514,98,67,400,396,6,4,2
10012824,45.3000375,7,8,9,1,3,1,2,2,7,4395,4996,-0.13674630261660978,108,99,200,198,2,2,2
10012825,45.3000375,13,6,6,1,2,0,2,2,7,5430,5121,0.0569060773480663,93,85,300,297,4,3,2
10012826,45.3000375,8,7,6,1,1,0,0,0,7,5118,4802,0.06174286830793278,101,82,400,396,6,4,2
10012827,45.3000375,7,11,6,1,0,1,2,2,7,4124,4149,-0.00606207565470417,86,79,200,198,2,2,2
10012828,45.3000375,8,10,5,1,0,0,3,3,6,6721,6086,0.09447998809700937,101,88,300,297,4,3,2
10012829,45.3000375,10,10,5,1,4,1,0,0,7,9368,9957,-0.0628736122971819,95,87,400,396,6,4,2
10012830,45.3000375,10,6,4,1,2,0,1,1,5,3796,2571,0.3227081138040042,94,70,200,198,2,2,2
10012831,45.3000375,11,4,11,1,1,1,5,5,6,5015,5176,-0.0321036889332004,98,90,300,297,4,3,2
10012832,45.3000375,3,14,4,1,1,1,1,1,5,13093,13743,-0.04964484839227068,97,80,400,396,6,4,2
10012833,45.3000375,8,4,13,1,0,0,6,6,5,6301,7138,-0.13283605776860816,99,90,200,198,2,2,2
10012834,45.3000375,11,8,5,1,2,0,2,2,6,8509,8896,-0.04548125514161476,95,83,300,297,4,3,2
10012835,45.3000375,5,10,8,1,1,0,2,2,6,10340,9024,0.12727272727272726,102,84,400,396,6,4,2
10012836,45.3000375,6,11,7,1,0,2,2,2,7,4060,4207,-0.03620689655172414,89,82,200,198,2,2,2
10012837,45.3000375,13,6,3,1,2,2,1,1,5,3368,3491,-0.036520190023752966,94,80,300,297,4,3,2
10012838,45.3000375,8,8,6,1,5,1,0,0,7,7557,8336,-0.1030832340876009,88,76,400,396,6,4,2
10012839,45.3000375,9,6,8,1,2,0,0,0,7,4897,5265,-0.07514804982642434,92,76,200,198,2,2,2
10012840,45.3000375,7,6,12,1,2,1,4,4,7,5647,6243,-0.1055427660704799,102,92,300,297,4,3,2
10012841,45.3000375,8,8,6,1,2,1,2,2,4,8216,8572,-0.0433300876338851,80,67,400,396,6,4,2
10012842,45.3000375,7,7,6,1,1,1,2,2,6,3917,3595,0.08220576972172582,93,73,200,198,2,2,2
10012843,45.3000375,10,7,8,1,0,0,5,5,5,4715,4956,-0.051113467656415695,95,86,300,297,4,3,2
10012844,45.3000375,8,9,6,1,4,0,0,0,8,11312,11530,-0.01927157001414427,91,78,400,396,6,4,2
10012845,45.3000375,10,4,8,1,1,0,1,1,6,4420,4244,0.039819004524886875,94,77,200,198,2,2,2
10012846,45.3000375,11,10,4,1,1,0,3,3,5,4085,4310,-0.05507955936352509,94,83,300,297,4,3,2
10012847,45.3000375,10,5,10,1,1,2,1,1,6,8128,8770,-0.07898622047244094,87,81,400,396,6,4,2
10012848,45.3000375,8,11,6,1,3,1,1,1,8,5437,5418,0.0034945742137208018,90,81,200,198,2,2,2
10012849,45.3000375,10,6,7,1,0,1,4,4,5,4402,4546,-0.03271240345297592,95,82,300,297,4,3,2
10012850,45.3000375,4,13,7,1,0,2,1,1,8,6546,6896,-0.05346776657500764,92,83,400,396,6,4,2
10012851,45.3000375,11,4,7,1,0,1,2,2,4,3729,4018,-0.0775006704210244,88,77,200,198,2,2,2
10012852,45.3000375,4,9,7,1,1,1,2,2,6,7102,6911,0.02689383272317657,87,69,300,297,4,3,2
10012853,45.3000375,6,10,7,1,1,0,1,1,7,8570,8825,-0.029754959159859977,103,91,400,396,6,4,2
10012854,45.3000375,12,5,8,1,2,0,2,2,6,4051,3891,0.03949642063687978,96,86,200,198,2,2,2
10012855,45.3000375,7,9,8,1,1,0,2,2,6,8047,8327,-0.03479557599105257,84,75,300,297,4,3,2
10012856,45.3000375,4,6,11,1,1,0,5,5,5,5828,5328,0.08579272477693892,102,78,400,396,6,4,2
10012857,45.3000375,12,5,9,1,0,0,5,5,6,4411,4809,-0.09022897302199048,83,76,200,198,2,2,2
10012858,45.3000375,6,11,9,1,3,1,4,4,6,8791,9265,-0.05391878057103856,92,86,300,297,4,3,2
10012859,45.3000375,8,10,8,1,0,2,3,3,7,10640,11308,-0.06278195488721805,94,85,400,396,6,4,2
10012860,45.3000375,7,9,8,1,0,2,1,1,6,4455,4686,-0.05185185185185185,87,76,200,198,2,2,2
10012861,45.3000375,3,8,14,1,0,0,5,5,6,4588,5020,-0.09415867480383609,91,86,300,297,4,3,2
10012862,45.3000375,2,9,9,1,2,1,1,1,8,8938,8689,0.02785858133810696,83,66,400,396,6,4,2
10012863,45.3000375,6,12,4,1,1,1,0,0,7,3919,3940,-0.0053585098239346774,75,67,200,198,2,2,2
10012864,45.3000375,6,10,5,1,0,2,1,1,6,6106,6054,0.008516213560432362,81,68,300,297,4,3,2
10012865,45.3000375,10,7,8,1,2,2,1,1,7,7691,7990,-0.038876609023534,92,84,400,396,6,4,2
10012866,45.3000375,8,10,5,1,0,2,0,0,7,4238,4022,0.05096743747050495,91,76,200,198,2,2,2
10012867,45.3000375,8,10,8,1,2,1,0,0,8,7313,7917,-0.0825926432380692,78,72,300,297,4,3,2
10012868,45.3000375,10,8,3,1,1,1,1,1,5,8944,8813,0.014646690518783543,88,74,400,396,6,4,2
10012869,45.3000375,10,7,7,1,2,0,0,0,7,6881,7197,-0.0459235576224386,85,76,200,198,2,2,2
10012870,45.3000375,6,7,10,1,1,1,4,4,7,7190,7822,-0.08789986091794158,88,74,300,297,4,3,2
10012871,45.3000375,8,6,8,1,2,0,0,0,6,10013,9666,0.034654948566863075,85,70,400,396,6,4,2
10012872,45.3000375,12,6,8,1,1,0,3,3,6,3568,3771,-0.056894618834080715,81,76,200,198,2,2,2
10012873,45.3000375,1,11,12,1,0,2,2,2,9,4205,4566,-0.08585017835909631,93,82,300,297,4,3,2
10012874,45.3000375,4,6,6,1,0,0,2,2,4,8633,4976,0.42360708907679834,98,56,400,396,6,4,2
10012875,45.3000375,10,5,8,1,0,2,2,2,6,5507,5480,0.004902850917014708,70,61,200,198,2,2,2
10012876,45.3000375,7,6,10,1,1,0,5,5,5,6457,6684,-0.03515564503639461,91,82,300,297,4,3,2
10012877,45.3000375,11,4,5,1,1,0,1,1,6,11600,10752,0.07310344827586207,103,77,400,396,6,4,2
10012878,45.3000375,9,8,5,1,1,0,3,3,6,3311,3427,-0.03503473270915131,97,84,200,198,2,2,2
10012879,45.3000375,8,8,6,1,3,0,3,3,6,6472,6944,-0.07292954264524104,84,73,300,297,4,3,2
10012880,45.3000375,8,4,11,1,2,0,5,5,4,7802,7761,0.005255062804409126,86,72,400,396,6,4,2
10012881,45.3000375,8,5,12,1,1,2,5,5,6,5489,5758,-0.04900710511932957,76,70,200,198,2,2,2
10012882,45.3000375,8,9,7,1,0,2,3,3,6,7997,8465,-0.05852194572964862,98,88,300,297,4,3,2
10012883,45.3000375,13,7,5,1,3,2,0,0,7,6806,6589,0.03188363208933294,93,85,400,396,6,4,2
10012884,45.3000375,9,9,5,1,1,0,1,1,6,6236,6450,-0.03431686978832585,96,84,200,198,2,2,2
10012885,45.3000375,6,8,11,1,1,1,3,3,7,6169,6604,-0.07051385962068407,94,86,300,297,4,3,2
10012886,45.3000375,10,6,9,1,3,0,1,1,7,12589,13165,-0.04575422988323139,93,81,400,396,6,4,2
10012887,45.3000375,10,7,6,1,1,1,0,0,7,5240,5381,-0.026908396946564887,83,73,200,198,2,2,2
10012888,45.3000375,9,5,10,1,0,0,2,2,7,4630,5223,-0.12807775377969763,85,77,300,297,4,3,2
10012889,45.3000375,12,4,7,1,2,1,1,1,6,6908,7138,-0.033294730746960044,75,66,400,396,6,4,2
10012890,45.3000375,5,8,12,1,2,0,4,4,7,5627,6158,-0.09436644748533855,86,78,200,198,2,2,2
10012891,45.3000375,9,11,5,1,2,1,1,1,7,3196,3275,-0.02471839799749687,104,95,300,297,4,3,2
10012892,45.3000375,6,10,7,1,0,1,2,2,7,8392,8115,0.03300762631077216,91,79,400,396,6,4,2
10012893,45.3000375,2,7,4,1,1,1,0,0,5,3361,1391,0.5861350788455817,85,41,200,198,2,2,2
10012894,45.3000375,7,10,8,1,0,1,2,2,7,6322,6382,-0.009490667510281556,94,82,300,297,4,3,2
10012895,45.3000375,12,7,7,1,1,0,1,1,7,8769,8778,-0.0010263427984946972,88,82,400,396,6,4,2
10012896,45.3000375,7,11,6,1,0,3,1,1,6,4436,4718,-0.06357078449053201,92,81,200,198,2,2,2
10012897,45.3000375,12,7,3,1,1,1,1,1,5,6782,6773,0.0013270421704511942,84,72,300,297,4,3,2
10012898,45.3000375,5,11,9,1,0,1,5,5,5,9223,9995,-0.08370378401821534,93,85,400,396,6,4,2
10012899,45.3000375,10,7,5,1,2,1,0,0,7,5390,5327,0.011688311688311689,92,80,200,198,2,2,2
10012900,45.3000375,8,6,8,1,1,1,3,3,4,3202,3564,-0.11305434103685197,97,84,300,297,4,3,2
10012901,45.3000375,11,8,7,1,3,0,2,2,7,6518,6519,-0.00015342129487572875,92,84,400,396,6,4,2
10012902,45.3000375,11,4,7,1,2,1,1,1,5,4678,4260,0.08935442496793501,92,79,200,198,2,2,2
10012903,45.3000375,9,9,3,1,3,0,1,1,6,5315,5395,-0.015051740357478834,80,70,300,297,4,3,2
10012904,45.3000375,10,9,4,1,2,2,0,0,6,9101,9092,0.0009889023184265465,82,72,400,396,6,4,2
10012905,45.3000375,9,7,10,1,2,1,3,3,8,3803,4000,-0.051801209571391005,93,88,200,198,2,2,2
10012906,45.3000375,7,9,7,1,0,0,1,1,7,5586,5806,-0.039384174722520586,103,90,300,297,4,3,2
10012907,45.3000375,8,13,6,1,3,0,1,1,6,8381,8988,-0.07242572485383605,100,96,400,396,6,4,2
10012908,45.3000375,5,10,7,1,1,0,2,2,7,5169,5330,-0.03114722383439737,93,81,200,198,2,2,2
10012909,45.3000375,9,9,4,1,2,0,1,1,6,5737,6022,-0.04967753181105107,89,78,300,297,4,3,2
10012910,45.3000375,18,2,4,1,1,1,2,2,5,7447,6883,0.0757351953806902,80,74,400,396,6,4,2
10012911,45.3000375,9,6,7,1,1,1,1,1,4,4265,4249,0.0037514654161781946,89,73,200,198,2,2,2
10012912,45.3000375,12,10,1,1,1,0,0,0,6,7939,6681,0.15845824411134904,78,65,300,297,4,3,2
10012913,45.3000375,5,12,6,1,1,1,0,0,8,12061,12084,-0.001906972887820247,83,72,400,396,6,4,2
10012914,45.3000375,13,4,7,1,1,0,2,2,7,3564,3518,0.012906846240179574,86,76,200,198,2,2,2
10012915,45.3000375,10,8,6,1,1,1,2,2,7,4020,4182,-0.04029850746268657,85,77,300,297,4,3,2
10012916,45.3000375,4,7,10,1,2,1,2,2,6,7670,7874,-0.026597131681877443,90,75,400,396,6,4,2
10012917,45.3000375,5,4,8,1,0,0,4,4,5,4260,3122,0.2671361502347418,89,56,200,198,2,2,2
10012918,45.3000375,11,7,7,1,1,1,0,0,7,5803,6157,-0.0610029295192142,92,84,300,297,4,3,2
10012919,45.3000375,8,8,9,1,2,1,3,3,6,11489,12108,-0.053877622073287494,90,80,400,396,6,4,2
10012920,45.3000375,7,8,7,1,1,1,1,1,6,5120,4494,0.122265625,92,77,200,198,2,2,2
10012921,45.3000375,12,7,4,1,1,0,0,0,5,6491,5578,0.14065629332922508,87,75,300,297,4,3,2
10012922,45.3000375,11,8,6,1,0,2,2,2,7,5742,5785,-0.007488679902473006,98,85,400,396,6,4,2
10012923,45.3000375,7,7,8,1,2,1,2,2,7,3416,3683,-0.0781615925058548,87,79,200,198,2,2,2
10012924,45.3000375,9,10,6,1,3,3,1,1,7,7795,8196,-0.05144323284156511,93,85,300,297,4,3,2
10012925,45.3000375,9,7,7,1,2,1,0,0,8,9616,9759,-0.014871048252911814,97,80,400,396,6,4,2
10012926,45.3000375,12,6,5,1,4,1,1,1,6,3972,4105,-0.03348439073514602,92,84,200,198,2,2,2
10012927,45.3000375,9,4,5,1,2,0,0,0,6,4114,3563,0.13393291200777832,87,61,300,297,4,3,2
10012928,45.3000375,8,10,6,1,1,0,0,0,9,6140,6333,-0.031433224755700324,93,86,400,396,6,4,2
10012929,45.3000375,1,6,0,1,0,0,0,0,1,5473,583,0.8934770692490408,100,26,200,198,2,2,2
10012930,45.3000375,11,4,7,1,2,0,0,0,6,4446,4431,0.0033738191632928477,92,79,300,297,4,3,2
10012931,45.3000375,8,9,8,1,3,1,0,0,9,11191,12065,-0.07809847198641766,100,91,400,396,6,4,2
10012932,45.3000375,9,8,5,1,2,1,2,2,6,4656,4994,-0.07259450171821306,88,78,200,198,2,2,2
10012933,45.3000375,11,7,6,1,0,1,1,1,6,5393,5366,0.005006489894307436,96,83,300,297,4,3,2
10012934,45.3000375,6,9,7,1,2,2,3,3,6,8444,9191,-0.0884651823780199,85,71,400,396,6,4,2
10012935,45.3000375,8,6,10,1,2,0,3,3,7,3988,4490,-0.12587763289869608,83,75,200,198,2,2,2
10012936,45.3000375,4,13,8,1,0,0,2,2,8,7175,7174,0.00013937282229965157,99,89,300,297,4,3,2
10012937,45.3000375,9,11,4,1,2,3,0,0,7,8310,8571,-0.03140794223826715,99,89,400,396,6,4,2
10012938,45.3000375,10,7,5,1,2,0,1,1,6,3979,3958,0.005277707966825836,93,77,200,198,2,2,2
10012939,45.3000375,6,10,8,1,3,2,1,1,8,8905,9243,-0.03795620437956204,85,76,300,297,4,3,2
10012940,45.3000375,4,16,4,1,2,1,1,1,5,8554,9166,-0.07154547580079496,103,94,400,396,6,4,2
10012941,45.3000375,8,8,6,1,0,2,3,3,5,4187,4355,-0.04012419393360401,87,73,200,198,2,2,2
10012942,45.3000375,7,10,5,1,1,0,1,1,6,4287,4459,-0.04012129694425006,87,76,300,297,4,3,2
10012943,45.3000375,10,8,8,1,0,2,1,1,7,9024,9249,-0.024933510638297872,87,82,400,396,6,4,2
10012944,45.3000375,5,10,10,1,2,1,2,2,9,4406,5393,-0.22401270994098957,93,84,200,198,2,2,2
10012945,45.3000375,10,9,4,1,0,3,0,0,6,3928,4006,-0.01985743380855397,105,88,300,297,4,3,2
10012946,45.3000375,6,6,12,1,0,0,6,6,4,9239,10705,-0.15867518129667713,79,72,400,396,6,4,2
10012947,45.3000375,6,12,6,1,2,0,2,2,8,3867,4119,-0.06516679596586501,89,78,200,198,2,2,2
10012948,45.3000375,10,5,7,1,1,1,1,1,7,7964,7443,0.06541938724259166,87,73,300,297,4,3,2
10012949,45.3000375,9,6,7,1,0,0,4,4,6,8645,8865,-0.025448235974551765,81,71,400,396,6,4,2
10012950,45.3000375,10,3,9,1,1,0,1,1,7,5394,5440,-0.008527994067482388,90,75,200,198,2,2,2
10012951,45.3000375,8,7,10,1,1,0,2,2,5,6952,7238,-0.04113924050632911,82,76,300,297,4,3,2
10012952,45.3000375,9,10,7,1,3,0,0,0,7,6662,7599,-0.14064845391774242,89,81,400,396,6,4,2
10012953,45.3000375,12,7,6,1,1,0,1,1,8,4113,4052,0.014831023583758814,84,78,200,198,2,2,2
10012954,45.3000375,5,8,8,1,2,1,2,2,7,5125,4712,0.08058536585365854,95,72,300,297,4,3,2
10012955,45.3000375,8,5,12,1,0,1,3,3,7,6625,7092,-0.07049056603773585,101,95,400,396,6,4,2
10012956,45.3000375,5,9,6,1,1,1,3,3,5,5407,4937,0.0869243573145922,76,60,200,198,2,2,2
10012957,45.3000375,13,3,5,1,0,1,1,1,5,4315,4099,0.05005793742757821,96,79,300,297,4,3,2
10012958,45.3000375,10,6,9,1,1,0,3,3,7,11885,11607,0.023390828775767775,82,72,400,396,6,4,2
10012959,45.3000375,9,9,2,1,2,0,2,2,5,4008,3362,0.16117764471057885,96,65,200,198,2,2,2
10012960,45.3000375,16,5,4,1,3,0,0,0,7,6146,6034,0.018223234624145785,100,93,300,297,4,3,2
10012961,45.3000375,5,9,11,1,2,0,4,4,6,9955,10824,-0.08729281767955802,94,88,400,396,6,4,2
10012962,45.3000375,8,9,7,1,3,0,2,2,6,3773,4025,-0.06679035250463822,87,81,200,198,2,2,2
10012963,45.3000375,7,8,8,1,1,1,2,2,6,7828,8225,-0.05071538068472151,95,83,300,297,4,3,2
10012964,45.3000375,8,7,11,1,0,1,1,1,6,9092,8865,0.024967003959524857,102,93,400,396,6,4,2
10012965,45.3000375,6,7,9,1,0,1,1,1,6,4300,4547,-0.057441860465116276,92,81,200,198,2,2,2
10012966,45.3000375,10,7,8,1,0,2,0,0,8,3394,3746,-0.10371243370654096,102,85,300,297,4,3,2
10012967,45.3000375,6,8,11,1,2,1,4,4,7,9503,10262,-0.07986951489003473,91,81,400,396,6,4,2
10012968,45.3000375,6,12,8,1,0,1,5,5,5,4578,5144,-0.1236347750109218,102,94,200,198,2,2,2
10012969,45.3000375,3,1,5,1,1,0,3,3,2,7514,1153,0.8465531008783604,89,30,300,297,4,3,2
10012970,45.3000375,10,7,10,1,0,1,3,3,7,6500,6801,-0.04630769230769231,99,90,400,396,6,4,2
10012971,45.3000375,10,7,7,1,3,1,2,2,6,4148,4461,-0.07545805207328833,92,83,200,198,2,2,2
10012972,45.3000375,10,3,3,1,2,0,1,1,4,6119,5080,0.1697989867625429,85,57,300,297,4,3,2
10012973,45.3000375,9,5,6,1,2,1,1,1,6,9270,6624,0.2854368932038835,85,63,400,396,6,4,2
10012974,45.3000375,7,6,12,1,2,1,4,4,7,5552,6222,-0.1206772334293948,104,96,200,198,2,2,2
10012975,45.3000375,9,8,7,1,3,1,2,2,7,7720,8071,-0.04546632124352332,75,67,300,297,4,3,2
10012976,45.3000375,8,4,11,1,1,0,5,5,5,7573,8387,-0.10748712531361415,84,72,400,396,6,4,2
10012977,45.3000375,7,6,9,1,3,1,4,4,5,4451,5173,-0.16221073915973938,91,81,200,198,2,2,2
10012978,45.3000375,7,11,5,1,1,0,1,1,8,7534,7307,0.03013007698433767,81,73,300,297,4,3,2
10012979,45.3000375,7,7,8,1,2,1,1,1,6,8546,9001,-0.05324128247133162,80,71,400,396,6,4,2
10012980,45.3000375,6,4,8,1,1,0,3,3,4,4606,4244,0.07859313938341293,94,66,200,198,2,2,2
10012981,45.3000375,10,9,4,1,1,1,1,1,6,4019,4022,-0.0007464543418760885,90,80,300,297,4,3,2
10012982,45.3000375,8,6,10,1,3,0,3,3,6,10212,10902,-0.06756756756756757,91,82,400,396,6,4,2
10012983,45.3000375,7,10,7,1,0,3,1,1,7,4629,4643,-0.003024411319939512,82,76,200,198,2,2,2
10012984,45.3000375,10,6,9,1,2,0,3,3,6,5447,5998,-0.10115659996328254,97,89,300,297,4,3,2
10012985,45.3000375,8,7,6,1,1,0,0,0,7,9556,8375,0.12358727501046463,88,70,400,396,6,4,2
10012986,45.3000375,6,7,3,1,1,0,0,0,4,4759,3487,0.26728304265602015,78,45,200,198,2,2,2
10012987,45.3000375,10,8,6,1,2,0,1,1,7,4478,4448,0.006699419383653417,84,77,300,297,4,3,2
10012988,45.3000375,11,5,6,1,1,0,3,3,5,9748,9205,0.05570373409930242,95,82,400,396,6,4,2
10012989,45.3000375,9,9,4,1,4,0,0,0,7,3845,3874,-0.007542262678803641,88,79,200,198,2,2,2
10012990,45.3000375,7,7,11,1,1,0,2,2,7,5528,5794,-0.04811866859623734,91,84,300,297,4,3,2
10012991,45.3000375,8,11,7,1,1,2,2,2,8,6769,6789,-0.002954646181119811,78,73,400,396,6,4,2
10012992,45.3000375,3,12,8,1,0,0,1,1,8,4773,4868,-0.019903624554787346,93,83,200,198,2,2,2
10012993,45.3000375,8,10,7,1,3,2,1,1,7,6331,6807,-0.07518559469278155,101,96,300,297,4,3,2
10012994,45.3000375,9,7,7,1,1,2,0,0,7,6949,7000,-0.007339185494315729,100,86,400,396,6,4,2
10012995,45.3000375,8,7,6,1,1,0,2,2,5,3650,3933,-0.07753424657534247,81,68,200,198,2,2,2
10012996,45.3000375,11,10,3,1,2,2,0,0,6,3031,3007,0.00791817881887166,101,92,300,297,4,3,2
10012997,45.3000375,9,6,9,1,2,0,2,2,8,7121,7488,-0.05153770537845808,96,85,400,396,6,4,2
10012998,45.3000375,9,9,5,1,3,1,1,1,6,3731,4060,-0.08818011257035648,79,69,200,198,2,2,2
10012999,45.3000375,5,10,9,1,1,0,4,4,7,7191,7378,-0.026004728132387706,82,74,300,297,4,3,2
10013000,45.3000375,7,11,4,1,2,2,0,0,7,5557,6009,-0.08133885189850638,86,71,400,396,6,4,2
10013001,45.3000375,7,9,9,1,0,0,2,2,6,4983,5223,-0.048163756773028296,97,86,200,198,2,2,2
10013002,45.3000375,9,2,8,1,2,0,1,1,4,3829,3325,0.1316270566727605,99,70,300,297,4,3,2
10013003,45.3000375,6,9,7,1,2,1,1,1,6,5932,6012,-0.013486176668914362,94,72,400,396,6,4,2
10013004,45.3000375,8,12,5,1,1,0,3,3,5,3829,4055,-0.059023243666753725,86,79,200,198,2,2,2
10013005,45.3000375,12,5,8,1,1,0,2,2,7,4537,4431,0.023363456028212475,96,88,300,297,4,3,2
10013006,45.3000375,6,6,10,1,2,0,2,2,8,9539,8770,0.0806164168151798,103,83,400,396,6,4,2
