budget,n=1,op_1,n=2,op_2,n=3,op_3,n=4,op_4,n=5,op_5,n=6,op_6,n=7,op_7,n=8,op_8,n=9,op_9,n=10,op_10,n=11,op_11,n=12,op_12,n=13,op_13,n=14,op_14,n=15,op_15,n=16,op_16,n=17,op_17,n=18,op_18,n=19,op_19,n=20,op_20,n=21,op_21,n=22,op_22,n=23,op_23,n=24,op_24,n=25,op_25,n=26,op_26,n=27,op_27,n=28,op_28,n=29,op_29,n=30,op_30,n=31,op_31,n=32,op_32,n=33,op_33,n=34,op_34,n=35,op_35,n=36,op_36,n=37,op_37,n=38,op_38,n=39,op_39,n=40,op_40,n=41,op_41,n=42,op_42,n=43,op_43,n=44,op_44,n=45,op_45,n=46,op_46,n=47,op_47,n=48,op_48,n=49,op_49,n=50,op_50
6689,162,24403874,162,12175824,162,8110389,162,6073036,162,4831203,162,4027544,162,3442415,162,3014738,162,2668311,162,2392550,162,2174797,162,1995325,162,1837223,162,1694916,162,1575932,162,1484280,162,1393319,162,1313465,162,1242020,162,1177935,162,1114874,162,1057619,162,1001902,162,970926,162,930461,162,891687,162,847633,162,815240,162,785741,162,763262,162,737694,162,712703,162,687994,162,666133,162,645785,162,628738,162,608004,162,597434,162,581972,162,565138,162,549400,162,534074,162,516150,162,507024,162,489100,162,475820,162,474231,162,465879,162,453328,162,441980
12130,168,43290452,168,21623500,168,14412452,168,10800899,168,8628616,168,7183183,168,6142732,168,5388728,168,4771808,168,4294692,168,3898593,168,3571683,168,3294553,168,3053447,168,2849782,168,2673307,168,2504924,168,2358240,168,2224687,168,2135306,168,2021045,168,1930588,168,1845431,168,1772660,168,1697282,168,1621895,168,1560896,168,1505647,168,1456936,168,1399749,168,1350955,168,1315264,168,1271489,168,1235675,168,1196951,168,1159551,168,1123250,168,1089773,168,1066639,168,1047756,168,1014046,168,988202,168,966305,168,945852,168,927934,168,905003,168,886370,168,870133,168,852292,168,834206
14582,155,54175520,155,27066220,155,18020694,155,13519081,155,10798542,155,8987978,155,7703479,155,6736652,155,5987552,155,5375206,155,4883854,155,4471014,155,4134599,155,3831635,155,3578259,155,3353036,155,3136976,155,2976280,155,2809335,155,2669566,155,2538495,155,2422860,155,2306281,155,2210857,155,2121848,155,2040961,155,1964871,155,1889784,155,1813026,155,1761625,155,1705694,155,1651590,155,1593365,155,1537577,155,1498164,155,1460175,155,1417038,155,1377272,155,1341060,155,1306921,155,1272848,155,1249026,155,1215555,155,1197878,155,1168799,155,1133783,155,1110302,155,1080394,155,1053508,155,1033235
4853,141,17514823,141,8729859,141,5806850,141,4347533,141,3469681,141,2874539,141,2479792,141,2148666,141,1906745,141,1717287,141,1554560,141,1408223,141,1318634,141,1226437,141,1131639,141,1056878,141,986564,141,927277,141,876120,141,839401,141,800012,141,757050,141,715636,141,683575,141,654713,141,628464,141,608013,141,591473,141,566137,141,543880,141,525704,141,503299,141,487789,141,467643,141,454617,141,436693,141,423250,141,411895,141,411014,141,402708,141,393086,141,383350,141,372041,141,365637,141,353759,141,346190,141,340826,141,331864,141,326238,141,317283
10352,139,37823273,139,18886749,139,12582766,139,9419896,139,7530615,139,6279603,139,5368337,139,4688338,139,4169579,139,3743329,139,3403560,139,3121561,139,2871485,139,2664344,139,2480369,139,2312723,139,2171345,139,2067935,139,1949239,139,1854040,139,1760405,139,1681397,139,1611328,139,1542416,139,1477163,139,1412165,139,1365613,139,1311592,139,1258071,139,1216171,139,1171068,139,1133703,139,1097637,139,1066246,139,1035926,139,1006791,139,981583,139,951774,139,929530,139,911057,139,890409,139,865135,139,840158,139,820220,139,799742,139,782534,139,760298,139,746403,139,730460,139,713707
16563,149,59532217,149,29741554,149,19816370,149,14855042,149,11868125,149,9890689,149,8468325,149,7412283,149,6574998,149,5922155,149,5373756,149,4926112,149,4540945,149,4207065,149,3930295,149,3689925,149,3462655,149,3265100,149,3095049,149,2935684,149,2787694,149,2656160,149,2536629,149,2440703,149,2342429,149,2245462,149,2165031,149,2083675,149,2009090,149,1947915,149,1880443,149,1822168,149,1764126,149,1707712,149,1663743,149,1613100,149,1560837,149,1519282,149,1477582,149,1446747,149,1400906,149,1371090,149,1336072,149,1305756,149,1277061,149,1244369,149,1218744,149,1201701,149,1175849,149,1156150
5193,139,18382868,139,9169284,139,6092451,139,4563600,139,3643629,139,3019047,139,2576975,139,2262365,139,1998077,139,1801846,139,1628400,139,1481481,139,1366188,139,1260518,139,1186494,139,1114605,139,1045963,139,980610,139,931338,139,885287,139,838420,139,798626,139,754273,139,716297,139,687968,139,655455,139,634882,139,610551,139,593819,139,571343,139,556715,139,536204,139,517314,139,501230,139,486311,139,469016,139,455507,139,442557,139,431638,139,416020,139,406765,139,393322,139,381716,139,375290,139,363738,139,351496,139,344026,139,335227,139,323222,139,317336
5703,141,20050116,141,10004879,141,6645851,141,4985262,141,3966243,141,3302969,141,2823141,141,2461167,141,2187549,141,1958836,141,1786131,141,1632659,141,1503081,141,1392673,141,1283542,141,1206544,141,1126562,141,1062646,141,1005768,141,955297,141,904431,141,868084,141,818008,141,786246,141,749740,141,724282,141,699500,141,675124,141,649140,141,623737,141,604166,141,583962,141,557464,141,538311,141,521633,141,512711,141,498782,141,486636,141,474894,141,457424,141,447064,141,431975,141,423307,141,410876,141,397433,141,383990,141,378808,141,367328,141,360257,141,351890
16659,145,60201919,145,30070940,145,20030986,145,15004904,145,11999997,145,9988667,145,8551341,145,7482116,145,6648666,145,5971946,145,5435857,145,4973504,145,4589745,145,4250163,145,3969963,145,3720051,145,3497809,145,3293970,145,3116297,145,2956748,145,2818166,145,2698666,145,2576749,145,2469589,145,2362940,145,2268973,145,2187357,145,2098973,145,2019830,145,1958062,145,1900186,145,1834597,145,1778744,145,1721550,145,1665294,145,1615310,145,1577109,145,1532009,145,1495484,145,1457158,145,1418005,145,1376673,145,1346062,145,1316988,145,1292106,145,1264533,145,1238610,145,1216337,145,1188156,145,1163674
4697,165,16862542,165,8410750,165,5593429,165,4190158,165,3332400,165,2766725,165,2375141,165,2073745,165,1840033,165,1641985,165,1483522,165,1361306,165,1256110,165,1171322,165,1087416,165,1019864,165,953241,165,888779,165,842047,165,794714,165,760615,165,717194,165,686181,165,657150,165,628421,165,610401,165,585763,165,569146,165,543864,165,523816,165,510355,165,495985,165,478909,165,461961,165,448297,165,433017,165,416277,165,404480,165,391037,165,381973,165,372270,165,361673,165,353873,165,340430,165,334574,165,325612,165,315987,165,308052,165,300058,165,291400
13272,154,47193018,154,23571198,154,15704257,154,11755770,154,9409946,154,7827141,154,6711613,154,5855250,154,5211620,154,4682609,154,4249874,154,3894672,154,3583240,154,3325859,154,3110059,154,2918610,154,2730468,154,2582608,154,2438746,154,2311146,154,2204577,154,2105289,154,2014545,154,1924875,154,1848732,154,1773690,154,1708456,154,1634919,154,1576154,154,1529824,154,1474272,154,1435276,154,1387760,154,1343837,154,1321103,154,1277696,154,1232886,154,1198182,154,1164791,154,1128341,154,1094355,154,1066649,154,1042896,154,1021101,154,1004698,154,982014,154,962587,154,940866,154,917030,154,901177
14276,149,51767870,149,25858152,149,17237326,149,12911420,149,10331541,149,8601573,149,7362504,149,6441349,149,5728069,149,5141620,149,4658515,149,4285219,149,3944247,149,3656394,149,3416348,149,3197312,149,3004715,149,2846040,149,2688470,149,2551818,149,2428183,149,2309921,149,2205799,149,2122930,149,2039591,149,1956350,149,1878135,149,1800368,149,1737446,149,1683909,149,1629091,149,1579868,149,1528067,149,1486106,149,1438612,149,1404271,149,1357503,149,1319859,149,1287461,149,1255094,149,1224343,149,1192226,149,1162115,149,1138573,149,1119877,149,1091023,149,1064730,149,1044456,149,1021934,149,999693
5447,168,20175549,168,10065960,168,6697138,168,5007889,168,3994255,168,3322159,168,2845851,168,2480998,168,2192229,168,1972914,168,1796135,168,1635582,168,1503970,168,1401038,168,1313344,168,1225375,168,1148628,168,1071398,168,1017738,168,965483,168,916835,168,876398,168,829845,168,789972,168,752686,168,726497,168,696326,168,673377,168,651086,168,631749,168,614075,168,593857,168,579011,168,560515,168,540283,168,522359,168,508982,168,492048,168,474124,168,466281,168,452841,168,439693,168,427526,168,417922,168,408960,168,398690,168,388633,168,379651,168,371033,168,357663
11456,155,41792960,155,20871636,155,13896341,155,10414165,155,8322396,155,6923904,155,5934082,155,5185466,155,4609274,155,4129898,155,3759744,155,3434788,155,3171353,155,2945266,155,2732056,155,2574315,155,2416997,155,2279677,155,2152861,155,2048703,155,1953400,155,1858542,155,1774435,155,1697050,155,1620802,155,1559927,155,1500503,155,1447596,155,1390545,155,1334284,155,1293666,155,1260394,155,1219895,155,1183853,155,1152355,155,1115661,155,1080595,155,1052377,155,1020773,155,1004697,155,976277,155,952817,155,928294,155,905244,155,878345,155,862442,155,844154,155,824055,155,802137,155,785867
12895,138,46256532,138,23108636,138,15392469,138,11527286,138,9211994,138,7680426,138,6567006,138,5739230,138,5094564,138,4592119,138,4164942,138,3805027,138,3502355,138,3254500,138,3034772,138,2852841,138,2679687,138,2531232,138,2396777,138,2275835,138,2157940,138,2059975,138,1971153,138,1879798,138,1799634,138,1723543,138,1668681,138,1611260,138,1560391,138,1497812,138,1446186,138,1403256,138,1359763,138,1317895,138,1269364,138,1234663,138,1202760,138,1176120,138,1143738,138,1119212,138,1083364,138,1058117,138,1023903,138,1007224,138,979507,138,956957,138,931195,138,912253,138,892950,138,869719
4016,156,14687640,156,7327570,156,4861096,156,3636395,156,2896696,156,2412299,156,2050639,156,1795495,156,1594205,156,1419094,156,1289598,156,1185517,156,1093211,156,1003749,156,928730,156,863212,156,815537,156,773214,156,730624,156,685291,156,650280,156,621393,156,589161,156,570549,156,545743,156,528016,156,503416,156,484208,156,465377,156,444338,156,428393,156,412814,156,400954,156,393877,156,380225,156,370495,156,362184,156,353021,156,339578,156,331097,156,319458,156,310496,156,302765,156,296001,156,287039,156,278077,156,271931,156,262969,156,255697,156,251216
11695,144,40932679,144,20442999,144,13613698,144,10196173,144,8147386,144,6781510,144,5808533,144,5081930,144,4505388,144,4048566,144,3673536,144,3364873,144,3108656,144,2885906,144,2676735,144,2519328,144,2361052,144,2219287,144,2111310,144,2001180,144,1906157,144,1814345,144,1736606,144,1661127,144,1590123,144,1532274,144,1469544,144,1419847,144,1369478,144,1314444,144,1274430,144,1235386,144,1188561,144,1150122,144,1115809,144,1076980,144,1049197,144,1024026,144,996946,144,975588,144,950663,144,933188,144,910438,144,885583,144,871177,144,853249,144,833743,144,813245,144,790916,144,769856
8345,148,29928396,148,14951326,148,9946134,148,7447261,148,5943145,148,4947215,148,4243813,148,3688866,148,3292798,148,2943652,148,2685841,148,2452534,148,2260012,148,2103182,148,1950735,148,1822639,148,1716654,148,1616931,148,1531286,148,1445941,148,1385969,148,1322379,148,1253389,148,1194474,148,1144177,148,1101617,148,1068298,148,1028357,148,981485,148,943462,148,912780,148,880299,148,859974,148,834976,148,805663,148,786391,148,763159,148,742417,148,716078,148,694502,148,673454,148,665579,148,647655,148,636965,148,620581,148,607292,148,594855,148,576931,148,566583,148,548659
4461,162,15823585,162,7890981,162,5240878,162,3921374,162,3135009,162,2598474,162,2212587,162,1936879,162,1716630,162,1544315,162,1398352,162,1279794,162,1177542,162,1075030,162,1000605,162,935597,162,891965,162,836081,162,792886,162,754086,162,709063,162,674926,162,640349,162,610076,162,584457,162,559257,162,537517,162,512417,162,486113,162,476993,162,463147,162,447682,162,438561,162,429040,162,415418,162,402244,162,391586,162,383756,162,372591,162,361487,162,348044,162,339578,162,326135,162,317294,162,310938,162,297495,162,288876,162,282067,162,277586,162,271508
13146,166,46442788,166,23200574,166,15450586,166,11575099,166,9251437,166,7702721,166,6593984,166,5764287,166,5123531,166,4609499,166,4183373,166,3836063,166,3535117,166,3267496,166,3061026,166,2860208,166,2689655,166,2542190,166,2402770,166,2282865,166,2160891,166,2068710,166,1982486,166,1895413,166,1811482,166,1741113,166,1677748,166,1610172,166,1562208,166,1513542,166,1461833,166,1407983,166,1375410,166,1327469,166,1284763,166,1253588,166,1213957,166,1170710,166,1138297,166,1108855,166,1081751,166,1049229,166,1029137,166,1012314,166,996322,166,975554,166,951854,166,928363,166,911933,166,887941
10630,135,38540228,135,19238883,135,12814078,135,9602610,135,7664555,135,6376845,135,5472248,135,4771577,135,4244616,135,3798535,135,3458265,135,3161629,135,2929059,135,2712095,135,2515807,135,2364154,135,2218878,135,2100790,135,1984277,135,1873661,135,1795189,135,1713807,135,1631033,135,1547979,135,1491010,135,1438419,135,1381365,135,1326936,135,1272316,135,1228427,135,1182309,135,1160169,135,1125509,135,1091179,135,1066989,135,1037286,135,1005340,135,972407,135,942851,135,913947,135,888257,135,873894,135,849596,135,829880,135,808074,135,785669,135,764822,135,744096,135,726977,135,709053
5558,158,20647992,158,10307784,158,6851516,158,5135271,158,4086963,158,3403965,158,2914761,158,2554273,158,2249084,158,2027052,158,1828554,158,1682029,158,1547230,158,1435403,158,1334117,158,1259818,158,1176573,158,1101490,158,1044901,158,988385,158,937588,158,887556,158,857679,158,822764,158,788715,158,757365,158,725208,158,704072,158,678494,158,657050,158,633152,158,613965,158,592957,158,572790,158,551362,158,534274,158,517176,158,502299,158,489612,158,472748,158,459305,158,449005,158,439114,158,425952,158,412509,158,407368,158,402005,158,389854,158,384359,158,375397
4895,143,18077968,143,9013653,143,6005583,143,4479917,143,3581848,143,2978539,143,2540900,143,2211219,143,1976857,143,1767607,143,1608840,143,1466744,143,1347799,143,1247272,143,1167215,143,1081562,143,1020515,143,959666,143,905185,143,857381,143,822938,143,788879,143,749704,143,710353,143,674505,143,649766,143,625647,143,599479,143,574907,143,561451,143,535890,143,517867,143,509012,143,486607,143,471624,143,455189,143,441746,143,427661,143,417825,143,408186,143,401512,143,390077,143,382397,143,377095,143,365594,143,357005,143,348043,143,334977,143,326015,143,317053
13178,123,47373986,123,23672872,123,15758807,123,11819262,123,9438597,123,7858097,123,6725442,123,5890943,123,5224369,123,4691462,123,4265150,123,3910995,123,3597962,123,3345016,123,3112916,123,2918189,123,2751425,123,2589621,123,2457428,123,2325645,123,2207360,123,2103902,123,2017244,123,1940429,123,1855448,123,1776021,123,1709641,123,1650000,123,1593788,123,1533640,123,1488933,123,1442981,123,1398408,123,1355127,123,1314496,123,1274840,123,1233843,123,1201510,123,1165509,123,1134973,123,1109835,123,1077568,123,1056728,123,1033903,123,1008319,123,992985,123,967187,123,950133,123,925988,123,908151
6065,157,21352931,157,10654216,157,7094041,157,5303626,157,4239843,157,3519360,157,2997327,157,2632765,157,2324239,157,2092739,157,1885596,157,1730666,157,1599946,157,1476046,157,1389773,157,1294691,157,1204564,157,1133467,157,1078087,157,1027246,157,971735,157,920864,157,874631,157,839859,157,801182,157,772163,157,740125,157,706839,157,685418,157,669244,157,642178,157,620623,157,594902,157,579459,157,563411,157,541006,157,520745,157,513625,157,503336,157,490676,157,478827,157,466231,157,457554,157,441234,157,427954,157,417804,157,409227,157,396802,157,383987,157,376043
10969,144,40774626,144,20376329,144,13564154,144,10169027,144,8119942,144,6768384,144,5780819,144,5062717,144,4492979,144,4039489,144,3675437,144,3360442,144,3096273,144,2873639,144,2686272,144,2504605,144,2360151,144,2229944,144,2099482,144,1997966,144,1901045,144,1817118,144,1733838,144,1660949,144,1591865,144,1529072,144,1469725,144,1413245,144,1367019,144,1321367,144,1271219,144,1228867,144,1196758,144,1156074,144,1124818,144,1094488,144,1066622,144,1031574,144,1006579,144,982680,144,952134,144,932432,144,911111,144,888368,144,863855,144,844136,144,821731,144,806589,144,789731,144,777682
11210,158,39991547,158,19970594,158,13293238,158,9962067,158,7956824,158,6624511,158,5669425,158,4952359,158,4400124,158,3953863,158,3602820,158,3289277,158,3036661,158,2811381,158,2617250,158,2454790,158,2296189,158,2169935,158,2056720,158,1955794,158,1857494,158,1771317,158,1693347,158,1614802,158,1553728,158,1497822,158,1439947,158,1388676,158,1335314,158,1283940,158,1238431,158,1203270,158,1162936,158,1122651,158,1090383,158,1056666,158,1021939,158,995569,158,971560,158,947183,158,923171,158,897388,158,873419,158,852086,158,831549,158,815239,158,796011,158,775532,158,763427,158,752189
4480,148,16444601,148,8195035,148,5462284,148,4076060,148,3247327,148,2701261,148,2304582,148,2013854,148,1796998,148,1599479,148,1457677,148,1330293,148,1225031,148,1126557,148,1056045,148,983982,148,916993,148,866047,148,820693,148,775387,148,739701,148,706378,148,670378,148,639154,148,612004,148,589504,148,570998,148,544501,148,527859,148,508690,148,491407,148,469002,148,451078,148,433154,148,418528,148,410093,148,401495,148,390022,148,376718,148,366439,148,357477,148,344034,148,339778,148,328571,148,321257,148,312295,148,303333,148,297926,148,288964,148,282142
10024,146,36317610,146,18142491,146,12073893,146,9057991,146,7224694,146,6017371,146,5138619,146,4497748,146,3994178,146,3589996,146,3257764,146,2992622,146,2756691,146,2547606,146,2372853,146,2233979,146,2090176,146,1969782,146,1871319,146,1777668,146,1687369,146,1606697,146,1530735,146,1475204,146,1405617,146,1365906,146,1307658,146,1258621,146,1213722,146,1170020,146,1133167,146,1097256,146,1059690,146,1025438,146,991136,146,961169,146,928875,146,899758,146,889133,146,859716,146,839830,146,819604,146,802515,146,781599,146,759240,146,737643,146,725001,146,709391,146,691467,146,674174
8773,156,31992347,156,15974620,156,10624068,156,7966846,156,6363905,156,5287382,156,4524895,156,3961528,156,3503968,156,3156112,156,2866886,156,2626833,156,2414910,156,2233136,156,2079234,156,1960183,156,1844220,156,1735144,156,1631489,156,1556885,156,1483209,156,1412686,156,1344968,156,1284936,156,1230974,156,1180915,156,1131552,156,1091410,156,1056507,156,1014420,156,983369,156,957876,156,923950,156,903048,156,871081,156,846907,156,823012,156,797838,156,774137,156,760304,156,736689,156,719225,156,705513,156,684792,156,666115,156,649254,156,633798,156,619727,156,608383,156,600676
4957,160,18489929,160,9220950,160,6136957,160,4592559,160,3662029,160,3044293,160,2609352,160,2281412,160,2017045,160,1803939,160,1636868,160,1504666,160,1384033,160,1278600,160,1188642,160,1119860,160,1054197,160,990995,160,926954,160,881218,160,836281,160,794761,160,757691,160,728784,160,695458,160,666431,160,642900,160,617862,160,586745,160,572065,160,553124,160,539111,160,523620,160,507365,160,493113,160,477435,160,459511,160,446068,160,436305,160,419492,160,406049,160,398036,160,385206,160,373861,160,364899,160,354430,160,347697,160,343562,160,337473,160,328511
11265,164,40381712,164,20177007,164,13431614,164,10073502,164,8037210,164,6697238,164,5725836,164,5011985,164,4451582,164,3999460,164,3630820,164,3327184,164,3067946,164,2841723,164,2646047,164,2481844,164,2331637,164,2196310,164,2086793,164,1980703,164,1889101,164,1799472,164,1713381,164,1642766,164,1570620,164,1512773,164,1446935,164,1392443,164,1342695,164,1293272,164,1246497,164,1213033,164,1175583,164,1144450,164,1101933,164,1078967,164,1051449,164,1028210,164,996265,164,971317,164,942955,164,925862,164,897418,164,881139,164,858633,164,834477,164,813178,164,801797,164,781476,164,768825
7883,159,28939730,159,14453230,159,9612531,159,7208220,159,5754601,159,4788529,159,4093031,159,3586357,159,3175910,159,2853621,159,2583154,159,2374111,159,2195653,159,2031585,159,1891451,159,1771466,159,1653989,159,1554635,159,1466226,159,1402522,159,1324774,159,1264521,159,1211546,159,1171239,159,1125205,159,1083335,159,1036089,159,1001742,159,961817,159,929496,159,896389,159,865101,159,830646,159,808186,159,786801,159,756186,159,739289,159,718590,159,698176,159,680483,159,658977,159,638170,159,620802,159,609655,159,600265,159,584589,159,569198,159,564214,159,546290,159,533574
5193,170,18873552,170,9408906,170,6263733,170,4679233,170,3738218,170,3109378,170,2656803,170,2318168,170,2051285,170,1845110,170,1678806,170,1532218,170,1411281,170,1301052,170,1216915,170,1133544,170,1069222,170,1006114,170,954677,170,899658,170,860210,170,823798,170,786374,170,751173,170,712808,170,681954,170,654500,170,632339,170,613819,170,588501,170,565310,170,542905,170,528599,170,510603,170,495666,170,482285,170,466832,170,448912,170,440460,170,422536,170,409093,170,399993,170,389290,170,384312,170,374949,170,368539,170,359577,170,353849,170,340410,170,334017
11312,159,40260325,159,20103548,159,13394903,159,10032498,159,8023998,159,6672302,159,5718191,159,4996507,159,4436649,159,3985498,159,3627996,159,3316248,159,3065506,159,2834454,159,2642599,159,2481878,159,2328896,159,2196631,159,2079430,159,1975032,159,1876252,159,1787747,159,1710597,159,1644546,159,1575664,159,1515560,159,1446923,159,1392892,159,1353127,159,1299853,159,1261681,159,1222404,159,1181527,159,1141680,159,1113772,159,1077954,159,1041180,159,1014019,159,989838,159,955461,159,928205,159,907662,159,889393,159,869784,159,849541,159,836257,159,825044,159,810773,159,790995,159,777126
9449,145,35161787,145,17550645,145,11685496,145,8752070,145,7008417,145,5818915,145,4977230,145,4355126,145,3860591,145,3483513,145,3148543,145,2887335,145,2663725,145,2465643,145,2306945,145,2147882,145,2018456,145,1904984,145,1802950,145,1718039,145,1628830,145,1550019,145,1487378,145,1419804,145,1361017,145,1311815,145,1255959,145,1207639,145,1165386,145,1124260,145,1088047,145,1049974,145,1019988,145,986746,145,964098,145,936916,145,913410,145,882816,145,862562,145,843762,145,819251,145,793350,145,773866,145,753413,145,737681,145,724189,145,709829,145,688689,145,672315,145,657641
4885,145,17488287,145,8718952,145,5798659,145,4341886,145,3458414,145,2881676,145,2451881,145,2149640,145,1895895,145,1707279,145,1555555,145,1418494,145,1292702,145,1201609,145,1125175,145,1053766,145,989506,145,927235,145,877725,145,839258,145,799091,145,761331,145,718452,145,681552,145,648457,145,617670,145,598754,145,574882,145,557534,145,534740,145,518239,145,495834,145,487010,145,469214,145,451603,145,436932,145,429252,145,412374,145,400816,145,397611,145,390586,145,378665,145,369194,145,362760,145,349317,145,340355,145,326912,145,319085,145,312323,145,303361
9721,144,35851658,144,17894958,144,11921262,144,8918651,144,7141936,144,5933883,144,5066577,144,4435026,144,3950256,144,3545107,144,3221037,144,2947841,144,2704542,144,2503811,144,2351583,144,2191157,144,2064996,144,1944760,144,1841609,144,1747711,144,1650803,144,1582088,144,1508759,144,1444952,144,1384199,144,1321136,144,1276776,144,1222295,144,1184787,144,1152281,144,1113237,144,1075212,144,1039634,144,1006008,144,974311,144,950171,144,915434,144,896806,144,871706,144,851367,144,828033,144,801147,144,791765,144,767767,144,749843,144,729235,144,707796,144,689872,144,675657,144,664022
14253,149,50851388,149,25405406,149,16914694,149,12677836,149,10136101,149,8431462,149,7214570,149,6314535,149,5605807,149,5048441,149,4575585,149,4186334,149,3868739,149,3580643,149,3341730,149,3133684,149,2947174,149,2782830,149,2632790,149,2496487,149,2364413,149,2262290,149,2160663,149,2070890,149,1996816,149,1915569,149,1840620,149,1776860,149,1706572,149,1644733,149,1589645,149,1541288,149,1480011,149,1442966,149,1403943,149,1370809,149,1335018,149,1298926,149,1258162,149,1225658,149,1188237,149,1155329,149,1134231,149,1101351,149,1076984,149,1055229,149,1032434,149,1007139,149,987314,149,975057
5609,157,20207101,157,10087357,157,6707409,157,5018556,157,4007897,157,3331319,157,2849319,157,2486209,157,2210901,157,1977747,157,1794572,157,1638840,157,1513492,157,1403791,157,1305454,157,1216001,157,1141545,157,1081160,157,1020025,157,957903,157,906720,157,862836,157,815664,157,788219,157,764284,157,731450,157,708092,157,682253,157,658213,157,629349,157,605202,157,587341,157,572957,157,551096,157,538677,157,526429,157,508505,157,495861,157,478100,157,464657,157,446733,157,436018,157,423671,157,412829,157,401655,157,388212,157,379250,157,370642,157,368074,157,362114
11220,163,40543376,163,20256276,163,13484739,163,10106060,163,8065358,163,6718774,163,5757396,163,5035316,163,4463298,163,4014394,163,3640823,163,3332651,163,3081292,163,2864134,163,2659102,163,2506341,163,2339135,163,2207351,163,2102344,163,1986967,163,1885536,163,1793330,163,1720419,163,1642345,163,1575270,163,1520070,163,1468615,163,1416326,163,1361924,163,1313119,163,1274693,163,1233021,163,1187396,163,1147538,163,1109181,163,1077969,163,1058675,163,1031473,163,1000283,163,977448,163,950240,163,927995,163,899987,163,875905,163,856394,163,844454,163,825932,163,806246,163,783841,163,773534
10869,143,39393283,143,19670013,143,13095117,143,9808426,143,7845008,143,6525963,143,5580496,143,4885552,143,4339565,143,3890490,143,3528012,143,3243712,143,2988569,143,2765221,143,2576677,143,2414788,143,2273455,143,2146596,143,2033688,143,1922749,143,1825397,143,1747038,143,1676943,143,1602139,143,1533098,143,1480716,143,1418266,143,1367342,143,1309268,143,1260533,143,1217735,143,1174973,143,1137197,143,1105154,143,1081953,143,1045406,143,1010492,143,991309,143,961215,143,935018,143,914583,143,886303,143,863403,143,844538,143,832862,143,817522,143,802242,143,780777,143,760926,143,745290
4865,166,17432910,166,8695952,166,5784654,166,4328716,166,3440618,166,2868566,166,2451810,166,2139745,166,1902112,166,1687624,166,1543031,166,1413435,166,1303924,166,1200701,166,1120901,166,1052368,166,982049,166,929443,166,876290,166,823329,166,782102,166,746977,166,708440,166,679388,166,643625,166,625459,166,599329,166,569107,166,545043,166,526339,166,502664,166,493704,166,473715,166,464220,166,445604,166,436196,166,422066,166,414408,166,400181,166,386738,166,373295,166,367208,166,364932,166,354542,166,348338,166,335927,166,330657,166,322524,166,313562,166,304600
7436,139,27345078,139,13652564,139,9086165,139,6807234,139,5434505,139,4527485,139,3864449,139,3383861,139,3004277,139,2690179,139,2445263,139,2240187,139,2066088,139,1913693,139,1780446,139,1659528,139,1551065,139,1480255,139,1393025,139,1313626,139,1255318,139,1202846,139,1147478,139,1101526,139,1052781,139,1012754,139,978010,139,937938,139,898955,139,869637,139,836624,139,810964,139,785312,139,756074,139,738023,139,720619,139,700042,139,677881,139,658746,139,637443,139,625757,139,609287,139,591432,139,577756,139,569651,139,551727,139,539174,139,523661,139,510438,139,496995
17638,152,64204456,152,32080414,152,21372326,152,16025425,152,12805423,152,10669594,152,9133543,152,7995320,152,7094397,152,6384420,152,5803112,152,5310278,152,4900805,152,4538094,152,4243005,152,3976873,152,3726116,152,3527099,152,3336634,152,3169176,152,3012628,152,2883185,152,2748220,152,2635012,152,2530482,152,2432259,152,2336112,152,2239781,152,2166283,152,2103427,152,2029255,152,1969341,152,1903418,152,1842283,152,1799889,152,1745389,152,1697447,152,1652492,152,1605714,152,1559627,152,1514905,152,1479166,152,1441546,152,1423396,152,1387312,152,1359145,152,1327009,152,1302248,152,1269009,152,1247196
5746,165,21083913,165,10517353,165,7007129,165,5243570,165,4175684,165,3485578,165,2969597,165,2589211,165,2302810,165,2063680,165,1869234,165,1713183,165,1573746,165,1464459,165,1356555,165,1268572,165,1190825,165,1130507,165,1059380,165,1007063,165,953832,165,907018,165,858422,165,823746,165,783989,165,756961,165,735696,165,713860,165,682493,165,656157,165,633690,165,608426,165,590116,165,564651,165,549165,165,532605,165,515102,165,500108,165,488170,165,474871,165,461663,165,445591,165,432148,165,420510,165,407067,165,394249,165,389970,165,379936,165,376033,165,362590
8810,168,31086194,168,15518493,168,10336054,168,7740251,168,6184930,168,5150454,168,4402321,168,3850234,168,3407270,168,3075191,168,2783610,168,2550818,168,2355537,168,2182758,168,2032833,168,1905614,168,1794990,168,1687074,168,1594676,168,1520544,168,1438077,168,1372932,168,1322395,168,1262607,168,1210216,168,1159361,168,1111942,168,1070642,168,1030024,168,1000180,168,966142,168,931606,168,903118,168,883819,168,854241,168,827192,168,812101,168,782695,168,758751,168,740989,168,714103,168,692875,168,673952,168,659771,168,641058,168,632403,168,619870,168,607151,168,596756,168,585627
9531,150,34805544,150,17383249,150,11560974,150,8670651,150,6915689,150,5759193,150,4919274,150,4312646,150,3817459,150,3439128,150,3124390,150,2847400,150,2631775,150,2436721,150,2269349,150,2134203,150,2006889,150,1896450,150,1787393,150,1697385,150,1609311,150,1547412,150,1471603,150,1404085,150,1344307,150,1284126,150,1229717,150,1198847,150,1154114,150,1115684,150,1081741,150,1048494,150,1013599,150,983052,150,951347,150,922163,150,898123,150,869988,150,848345,150,828012,150,808668,150,784255,150,766820,150,746393,150,725649,150,712361,150,692736,150,677720,150,661544,150,651361
5243,148,18401340,148,9175981,148,6101629,148,4570037,148,3633322,148,3029360,148,2587933,148,2267130,148,2002621,148,1792467,148,1626489,148,1493996,148,1377885,148,1270576,148,1174696,148,1106370,148,1033959,148,982019,148,921926,148,871448,148,829436,148,789957,148,750554,148,721969,148,688946,148,667244,148,640079,148,614924,148,587415,148,562844,148,545303,148,522709,148,506361,148,490380,148,476841,148,464686,148,450052,148,433116,148,425796,148,413803,148,398577,148,390044,148,378064,148,370735,148,359550,148,349487,148,346779,148,342157,148,328714,148,320176
6175,137,22634843,137,11297336,137,7519636,137,5625255,137,4486260,137,3738059,137,3189407,137,2790569,137,2479786,137,2225535,137,2013231,137,1849136,137,1700760,137,1572088,137,1468299,137,1373675,137,1297092,137,1218355,137,1145428,137,1084753,137,1033103,137,983591,137,936819,137,895989,137,857404,137,830261,137,797481,137,764854,137,740464,137,714541,137,696420,137,665053,137,643765,137,628413,137,606243,137,586770,137,568429,137,550818,137,537972,137,523242,137,509900,137,497988,137,480253,137,472535,137,462123,137,448680,137,439655,137,426212,137,417250,137,409245
11753,158,42950687,158,21443770,158,14271919,158,10694625,158,8544074,158,7101899,158,6089462,158,5316084,158,4723112,158,4248437,158,3861310,158,3526820,158,3261916,158,3020143,158,2810562,158,2629770,158,2482762,158,2331898,158,2214370,158,2098065,158,1997716,158,1907373,158,1813274,158,1725807,158,1663476,158,1607571,158,1544791,158,1489591,158,1438891,158,1385975,158,1348207,158,1297706,158,1258406,158,1218562,158,1181063,158,1144237,158,1114639,158,1084901,158,1055601,158,1026370,158,1003650,158,974769,158,951091,158,933449,158,909342,158,885297,158,863328,158,838984,158,822215,158,807977
6214,146,23264919,146,11600619,146,7719402,146,5774445,146,4609767,146,3830702,146,3280137,146,2864464,146,2536686,146,2278392,146,2070242,146,1883671,146,1740723,146,1615890,146,1509910,146,1405750,146,1319115,146,1243520,146,1168429,146,1104031,146,1052555,146,1006449,146,959962,146,914969,146,872765,146,838286,146,806578,146,778860,146,763165,146,736152,146,707989,146,681365,146,655596,146,630810,146,612964,146,591604,146,569518,146,551594,146,534055,146,520931,146,504745,146,494380,146,482985,146,476912,146,465589,146,454326,146,441778,146,430757,146,417975,146,409962
9690,151,34238953,151,17095508,151,11382693,151,8529094,151,6809227,151,5662729,151,4859217,151,4245261,151,3763171,151,3381635,151,3072957,151,2817260,151,2593167,151,2411150,151,2245562,151,2094708,151,1970249,151,1865978,151,1758411,151,1661985,151,1584796,151,1511026,151,1450570,151,1391363,151,1329381,151,1280755,151,1228852,151,1187803,151,1141978,151,1098602,151,1062028,151,1022024,151,995473,151,969121,151,949259,151,922999,151,890021,151,861849,151,836861,151,815134,151,792595,151,769519,151,749915,151,736092,151,713687,151,701358,151,690492,151,669072,151,651560,151,639888
13363,149,49730016,149,24846217,149,16539676,149,12408324,149,9893608,149,8242358,149,7054751,149,6178070,149,5473829,149,4917406,149,4464266,149,4098280,149,3767503,149,3505380,149,3258334,149,3063194,149,2881517,149,2707731,149,2560415,149,2434857,149,2324489,149,2214881,149,2129465,149,2028740,149,1942408,149,1860497,149,1785640,149,1725218,149,1659286,149,1610507,149,1566668,149,1510788,149,1460732,149,1415939,149,1365908,149,1325775,149,1288135,149,1249740,149,1212086,149,1181540,149,1145745,149,1126718,149,1101690,149,1075633,149,1049578,149,1037305,149,1011531,149,987710,149,967510,149,946253
4734,135,17110592,135,8527749,135,5672987,135,4234401,135,3386904,135,2808815,135,2409597,135,2088583,135,1869583,135,1673844,135,1515896,135,1375199,135,1285205,135,1185110,135,1100093,135,1024603,135,970118,135,904230,135,855963,135,810145,135,771402,135,733715,135,688905,135,658996,135,643493,135,625303,135,600318,135,575389,135,553447,135,532720,135,512246,135,492960,135,481150,135,463226,135,448268,135,432166,135,422202,135,410821,135,401316,135,389473,135,379175,135,369023,135,361298,135,347855,135,338893,135,325450,135,317017,135,308055,135,306273,135,300481
7805,163,27825631,163,13881244,163,9242054,163,6914398,163,5527370,163,4587127,163,3933893,163,3436917,163,3049666,163,2736853,163,2493541,163,2275429,163,2092502,163,1935038,163,1802779,163,1684553,163,1594321,163,1500060,163,1416210,163,1346997,163,1279525,163,1222002,163,1169427,163,1118960,163,1069262,163,1024226,163,986599,163,937979,163,910048,163,879457,163,858763,163,823078,163,800665,163,776543,163,752808,163,727444,163,703111,163,687338,163,669274,163,657283,163,634878,163,612473,163,600971,163,585473,163,571187,163,557349,163,543906,163,527604,163,516061,163,507324
14369,155,51437616,155,25701752,155,17125551,155,12833947,155,10254802,155,8540288,155,7307491,155,6399934,155,5670304,155,5106812,155,4638024,155,4240392,155,3920595,155,3635355,155,3387403,155,3176752,155,2991859,155,2812570,155,2669033,155,2546413,155,2403283,155,2290320,155,2192880,155,2101080,155,2020283,155,1941000,155,1865457,155,1802412,155,1736455,155,1677349,155,1615895,155,1564331,155,1509963,155,1468709,155,1423080,155,1380508,155,1346268,155,1320995,155,1280780,155,1254415,155,1217376,155,1186374,155,1154521,155,1124145,155,1099487,155,1076128,155,1047507,155,1025063,155,1004758,155,984737
5303,152,19533319,152,9740168,152,6479555,152,4843150,152,3864054,152,3215097,152,2738413,152,2397356,152,2131114,152,1912450,152,1744577,152,1575456,152,1449188,152,1336538,152,1260178,152,1177308,152,1102085,152,1033736,152,974624,152,918432,152,879436,152,842648,152,795198,152,757298,152,722577,152,690469,152,659563,152,632316,152,611933,152,597740,152,581733,152,560609,152,540842,152,518437,152,500724,152,484515,152,469851,152,455838,152,440430,152,427733,152,417700,152,414716,152,405941,152,399243,152,385800,152,376838,152,367514,152,358552,152,349590,152,340628
10170,156,37963950,156,18951524,156,12622597,156,9443566,156,7557370,156,6288376,156,5376442,156,4703306,156,4177731,156,3750217,156,3395325,156,3115437,156,2883980,156,2664176,156,2487400,156,2317567,156,2183504,156,2064097,156,1971044,156,1862939,156,1769138,156,1680589,156,1604679,156,1534552,156,1472130,156,1414265,156,1353625,156,1303773,156,1259683,156,1216384,156,1175689,156,1129676,156,1090363,156,1057499,156,1021760,156,1001012,156,975454,156,956344,156,931699,156,904356,156,880729,156,855514,156,831711,156,809306,156,785149,156,767550,156,745474,156,730265,156,716247,156,705015
14836,151,52861635,151,26404856,151,17594709,151,13174520,151,10538011,151,8771348,151,7517764,151,6569362,151,5835350,151,5246557,151,4767788,151,4357691,151,4029199,151,3736214,151,3476603,151,3267268,151,3058539,151,2898139,151,2739022,151,2600021,151,2481979,151,2359723,151,2254120,151,2157644,151,2069703,151,1984258,151,1915058,151,1843771,151,1778084,151,1714551,151,1657807,151,1607801,151,1553856,151,1508033,151,1457658,151,1419120,151,1374208,151,1346286,151,1315178,151,1277763,151,1246996,151,1225534,151,1191233,151,1165180,151,1134920,151,1105039,151,1077361,151,1060143,151,1033216,151,1012087
4472,140,16553964,140,8249726,140,5488116,140,4094423,140,3268895,140,2714005,140,2328282,140,2018216,140,1809477,140,1614576,140,1453457,140,1320909,140,1228041,140,1148813,140,1071892,140,994441,140,932882,140,882477,140,827912,140,780540,140,738357,140,703893,140,670942,140,641643,140,611227,140,593462,140,576643,140,554904,140,535534,140,513211,140,492007,140,470734,140,457398,140,441932,140,428634,140,417328,140,401845,140,388402,140,374867,140,361540,140,352744,140,344424,140,330967,140,326084,140,317122,140,311102,140,302140,140,293178,140,286504,140,276748
11038,156,40017265,156,19986045,156,13311647,156,9973725,156,7979413,156,6626926,156,5681143,156,4966998,156,4409123,156,3969951,156,3596122,156,3291346,156,3045062,156,2822265,156,2627806,156,2455763,156,2304881,156,2186065,156,2066906,156,1963887,156,1876610,156,1786505,156,1697695,156,1616249,156,1552583,156,1489943,156,1437115,156,1394210,156,1340572,156,1291820,156,1249531,156,1200805,156,1163187,156,1125518,156,1104631,156,1066935,156,1035986,156,1009655,156,983486,156,960625,156,939004,156,918446,156,896654,156,872969,156,856458,156,830200,156,812646,156,792813,156,775814,156,757888
16710,144,59269070,144,29614679,144,19733297,144,14793594,144,11814906,144,9844150,144,8434138,144,7372357,144,6546590,144,5883719,144,5352865,144,4908391,144,4517729,144,4196925,144,3902299,144,3671704,144,3446732,144,3251517,144,3082979,144,2925824,144,2778887,144,2654399,144,2536007,144,2426317,144,2333029,144,2234742,144,2152312,144,2070570,144,1997365,144,1929845,144,1868498,144,1805411,144,1754049,144,1703391,144,1660959,144,1611500,144,1557874,144,1518540,144,1475263,144,1438895,144,1401355,144,1362646,144,1327542,144,1298767,144,1266126,144,1240569,144,1210956,144,1188832,144,1166115,144,1145410
5726,166,21625353,166,10791149,166,7185316,166,5378619,166,4295907,166,3571092,166,3052108,166,2663712,166,2375384,166,2130165,166,1926139,166,1763312,166,1627884,166,1508915,166,1407945,166,1310693,166,1221677,166,1163701,166,1099861,166,1046939,166,993158,166,948375,166,902302,166,861067,166,831893,166,795207,166,769835,166,737968,166,712167,166,680800,166,657303,166,634091,166,613143,166,594023,166,572534,166,561495,166,539090,166,524910,166,512571,166,502808,166,491356,166,477866,166,466194,166,456344,166,447208,166,436254,166,423893,166,415719,166,402276,166,394753
9327,150,33680305,150,16825868,150,11193398,150,8391036,150,6695945,150,5581196,150,4769921,150,4171551,150,3703207,150,3329881,150,3023319,150,2770333,150,2552519,150,2362485,150,2193443,150,2057659,150,1929868,150,1832144,150,1727351,150,1647544,150,1565067,150,1487706,150,1421512,150,1359445,150,1302929,150,1250265,150,1203162,150,1160251,150,1112924,150,1073318,150,1039572,150,1006832,150,976095,150,947047,150,915711,150,896148,150,870359,150,844148,150,825037,150,806682,150,780292,150,761198,150,737694,150,717247,150,699323,150,682809,150,664885,150,652987,150,641330,150,626723
9166,156,34749025,156,17352427,156,11547127,156,8653147,156,6924903,156,5750979,156,4933016,156,4300445,156,3808380,156,3444810,156,3118848,156,2850167,156,2634062,156,2437664,156,2273591,156,2131991,156,2003176,156,1884106,156,1774192,156,1706089,156,1616416,156,1535829,156,1465843,156,1399863,156,1339454,156,1286659,156,1234549,156,1195832,156,1156544,156,1115954,156,1082222,156,1048829,156,1011628,156,984716,156,956041,156,926736,156,895369,156,875853,156,858355,156,834444,156,809043,156,786638,156,768005,156,746318,156,726171,156,713368,156,699208,156,681130,156,668354,156,650593
5494,149,19861629,149,9909270,149,6592745,149,4936502,149,3931308,149,3280653,149,2798933,149,2439087,149,2166642,149,1949016,149,1758668,149,1618714,149,1482395,149,1371475,149,1277069,149,1195734,149,1121950,149,1066958,149,1012426,149,952828,149,903610,149,856728,149,814886,149,780011,149,743350,149,720181,149,688737,149,662043,149,640942,149,620248,149,595660,149,574300,149,555126,149,537317,149,519411,149,512000,149,494076,149,481661,149,465654,149,454213,149,438445,149,431630,149,419763,149,407404,149,398442,149,385975,149,377205,149,368243,149,361547,149,348104
8320,147,30547484,147,15239026,147,10154140,147,7582226,147,6066152,147,5047704,147,4325461,147,3770001,147,3355116,147,2998959,147,2735575,147,2499957,147,2308624,147,2133843,147,1982903,147,1859361,147,1755418,147,1649692,147,1556253,147,1475759,147,1408001,147,1342164,147,1281287,147,1222707,147,1169465,147,1125513,147,1080209,147,1035996,147,992070,147,959354,147,924179,147,898103,147,880226,147,849426,147,820344,147,798484,147,774670,147,752965,147,738824,147,713499,147,691656,147,678070,147,659169,147,642285,147,624743,147,612488,147,606160,147,589969,147,575638,147,562195
17104,167,61591343,167,30772110,167,20505381,167,15366500,167,12272158,167,10225653,167,8760117,167,7656416,167,6806040,167,6103371,167,5547925,167,5103030,167,4695557,167,4353799,167,4060960,167,3809765,167,3578462,167,3385795,167,3199185,167,3026199,167,2902375,167,2757821,167,2624968,167,2527438,167,2422069,167,2323095,167,2231166,167,2152954,167,2074967,167,2002687,167,1948469,167,1883345,167,1818804,167,1766167,167,1711898,167,1674417,167,1625457,167,1580856,167,1529279,167,1483321,167,1458648,167,1430659,167,1391441,167,1356994,167,1327040,167,1286711,167,1263597,167,1246742,167,1215568,167,1186048
5263,149,19204657,149,9576730,149,6372932,149,4759565,149,3799517,149,3158059,149,2695870,149,2355259,149,2097425,149,1877846,149,1696106,149,1554134,149,1433561,149,1320192,149,1237666,149,1158865,149,1080118,149,1023235,149,965177,149,916103,149,874592,149,831009,149,791419,149,754075,149,717765,149,692969,149,660994,149,633613,149,613283,149,593093,149,577259,149,560154,149,539937,149,520269,149,505124,149,493658,149,478797,149,460873,149,442935,149,432104,149,418661,149,407068,149,398088,149,385063,149,374537,149,370569,149,359237,149,350275,149,341254,149,332292
6021,152,21484898,152,10723797,152,7134095,152,5335884,152,4254674,152,3542900,152,3030141,152,2639499,152,2345599,152,2109515,152,1913448,152,1747249,152,1604222,152,1486486,152,1386489,152,1297054,152,1217332,152,1148540,152,1082963,152,1028463,152,965919,152,926407,152,889321,152,848245,152,805781,152,780508,152,752054,152,731273,152,703029,152,675030,152,650772,152,623886,152,610111,152,588439,152,566034,152,546572,152,526281,152,513414,152,500481,152,484911,152,469992,152,456549,152,448101,152,438400,152,429459,152,421119,152,412157,152,404935,152,391492,152,384966
13661,162,49929094,162,24947142,162,16618795,162,12447001,162,9948359,162,8285309,162,7092029,162,6200861,162,5507345,162,4950371,162,4495405,162,4124218,162,3792753,162,3519730,162,3282396,162,3077255,162,2899250,162,2733428,162,2588091,162,2447434,162,2336966,162,2224214,162,2122737,162,2045504,162,1958267,162,1885468,162,1806140,162,1732314,162,1670476,162,1609919,162,1556548,162,1511867,162,1470544,162,1427163,162,1387268,162,1348780,162,1308807,162,1273510,162,1234943,162,1202347,162,1172184,162,1146355,162,1115141,162,1088881,162,1064888,162,1036768,162,1026758,162,1002922,162,977288,162,961280
4466,155,15882798,155,7921972,155,5266842,155,3947116,155,3140596,155,2617210,155,2231225,155,1947520,155,1723319,155,1543183,155,1402764,155,1291941,155,1174434,155,1087830,155,1016526,155,946657,155,892590,155,844262,155,790591,155,752050,155,709747,155,675203,155,646332,155,623268,155,589368,155,564189,155,543402,155,527176,155,505903,155,489695,155,477035,155,455963,155,448286,155,437538,155,421733,155,411433,155,393509,155,381522,155,368242,155,358831,155,346727,155,338738,155,327504,155,324027,155,316378,155,309416,155,300454,155,293531,155,284569,155,275607
4481,154,16569702,154,8269574,154,5502761,154,4116714,154,3274674,154,2726269,154,2330774,154,2031563,154,1812184,154,1620432,154,1458172,154,1344202,154,1240277,154,1146322,154,1064557,154,992334,154,930634,154,882898,154,834354,154,793803,154,750332,154,710167,154,672262,154,644498,154,619719,154,601620,154,573101,154,553370,154,529885,154,510537,154,489293,154,471511,154,450011,154,440172,154,428737,154,421963,154,410028,154,394037,154,386286,154,377324,154,364617,154,352612,154,346613,154,334720,154,325758,154,317839,154,308877,154,302178,154,297484,154,289804
13235,175,49967056,175,24966977,175,16632471,175,12461508,175,9949717,175,8295783,175,7095186,175,6203978,175,5515100,175,4959789,175,4504637,175,4131747,175,3799510,175,3524752,175,3285945,175,3082217,175,2899764,175,2735423,175,2585691,175,2449725,175,2341012,175,2230999,175,2129808,175,2044935,175,1958539,175,1880326,175,1810361,175,1736832,175,1672025,175,1617983,175,1556273,175,1505774,175,1458199,175,1419354,175,1380054,175,1345013,175,1302488,175,1266929,175,1231677,175,1203076,175,1172367,175,1151368,175,1115520,175,1092298,175,1069993,175,1038626,175,1014043,175,994657,175,978296,175,955427
3524,178,12571671,178,6261147,178,4160013,178,3112189,178,2473886,178,2046584,178,1753961,178,1536337,178,1356886,178,1215262,178,1106275,178,1002461,178,933868,178,854759,178,791083,178,747047,178,701426,178,650797,178,620083,178,587702,178,549726,178,527812,178,501500,178,477497,178,463048,178,446993,178,432454,178,409441,178,391517,178,375450,178,372623,178,361494,178,348633,178,335190,178,322348,178,311471,178,308000,178,300831,178,291869,178,284630,178,271187,178,262225,178,255068,178,252742,178,243780,178,236313,178,227740,178,225168,178,219253,178,216530
6644,135,24107399,135,12026491,135,7993502,135,5991063,135,4780194,135,3968671,135,3406357,135,2969808,135,2644732,135,2357041,135,2153898,135,1961792,135,1815221,135,1676909,135,1564964,135,1469739,135,1369517,135,1295331,135,1218149,135,1157463,135,1103857,135,1055578,135,1005046,135,956349,135,914069,135,885677,135,855264,135,817602,135,786033,135,751597,135,732103,135,705869,135,680371,135,657446,135,634474,135,615366,135,596146,135,579212,135,565151,135,554119,135,542460,135,529433,135,520327,135,508730,135,500645,135,487202,135,473759,135,460458,135,447015,135,433572
17591,167,63429271,167,31692033,167,21121187,167,15820570,167,12658527,167,10543228,167,9027559,167,7883136,167,7016017,167,6309160,167,5728594,167,5255481,167,4849461,167,4492035,167,4186817,167,3923705,167,3685375,167,3489254,167,3293773,167,3136996,167,2970831,167,2846115,167,2718486,167,2611324,167,2495689,167,2399748,167,2316230,167,2227513,167,2138695,167,2075344,167,2017153,167,1941502,167,1886346,167,1823021,167,1771588,167,1725923,167,1679608,167,1623893,167,1591334,167,1539121,167,1499265,167,1459173,167,1437991,167,1402487,167,1374443,167,1346062,167,1316628,167,1279664,167,1245474,167,1219580
5014,160,18760053,160,9355682,160,6230032,160,4651415,160,3708841,160,3093465,160,2642511,160,2305304,160,2048138,160,1832927,160,1669587,160,1523602,160,1395836,160,1289248,160,1202932,160,1136196,160,1071812,160,1005879,160,943292,160,897648,160,856407,160,809632,160,772069,160,736541,160,704499,160,672863,160,641496,160,616541,160,590024,160,581041,160,559966,160,548200,160,532350,160,518979,160,501338,160,484672,160,469725,160,452206,160,439530,160,428071,160,417446,160,404901,160,391458,160,378015,160,369053,160,359940,160,351955,160,345449,160,337574,160,328612
14673,169,52045745,169,26003748,169,17328818,169,12978229,169,10375336,169,8644611,169,7389421,169,6468994,169,5754164,169,5166160,169,4694237,169,4294673,169,3967756,169,3677605,169,3431855,169,3206697,169,3024552,169,2857460,169,2704484,169,2558420,169,2437529,169,2324064,169,2211613,169,2129530,169,2035425,169,1959505,169,1890600,169,1819835,169,1758614,169,1697209,169,1633594,169,1573568,169,1535966,169,1493523,169,1444902,169,1403427,169,1367247,169,1327811,169,1296043,169,1253951,169,1229236,169,1196952,169,1171610,169,1136381,169,1111103,169,1079471,169,1062710,169,1041293,169,1018775,169,1000305
9413,154,34883023,154,17426603,154,11599505,154,8703318,154,6947049,154,5778393,154,4950868,154,4328872,154,3834148,154,3456146,154,3133332,154,2866132,154,2644587,154,2457680,154,2281920,154,2141224,154,2011768,154,1900116,154,1789658,154,1707612,154,1629960,154,1547003,154,1479014,154,1411688,154,1345258,154,1296758,154,1250552,154,1213451,154,1163240,154,1121475,154,1083641,154,1048331,154,1014227,154,985278,154,958124,154,931517,154,902287,154,875192,154,856568,154,836518,154,814805,154,800016,154,775742,154,755246,154,740942,154,723083,154,707265,154,689341,154,674069,154,656145
6181,150,22873933,150,11416720,150,7597722,150,5683924,150,4543163,150,3774032,150,3232493,150,2820002,150,2506936,150,2245780,150,2043326,150,1865742,150,1716451,150,1599956,150,1492251,150,1393960,150,1313750,150,1232922,150,1172248,150,1104418,150,1054875,150,1005751,150,955879,150,911981,150,873359,150,833554,150,802682,150,774913,150,747281,150,718750,150,690039,150,672491,150,654804,150,633688,150,611650,150,592080,150,578397,150,560870,150,543623,150,525699,150,515393,150,508001,150,492880,150,484946,150,471720,150,462077,150,452981,150,439538,150,435928,150,422485
11596,143,41093214,143,20523616,143,13669528,143,10235956,143,8186031,143,6811138,143,5838830,143,5096981,143,4535178,143,4073773,143,3701600,143,3381359,143,3118610,143,2897079,143,2705527,143,2526803,143,2374910,143,2246818,143,2125088,143,2012037,143,1918400,143,1833190,143,1750029,143,1671245,143,1598368,143,1536259,143,1478711,143,1425104,143,1377385,143,1328556,143,1283922,143,1244547,143,1204108,143,1164976,143,1131131,143,1098502,143,1063668,143,1039744,143,1010119,143,986250,143,956213,143,943793,143,919229,143,903416,143,877719,143,856227,143,829999,143,812169,143,792910,143,778175
6626,149,23902907,149,11916047,149,7919057,149,5925262,149,4730244,149,3925335,149,3364437,149,2934695,149,2614706,149,2335761,149,2123506,149,1938020,149,1784584,149,1646680,149,1532162,149,1436261,149,1347557,149,1279667,149,1205868,149,1139340,149,1083686,149,1040190,149,991823,149,943880,149,899010,149,854622,149,821644,149,785582,149,758515,149,733416,149,717479,149,690690,149,667070,149,640497,149,628513,149,610600,149,589112,149,569060,149,546655,149,530605,149,516367,149,499527,149,489299,149,477786,149,469642,149,458985,149,443576,149,434614,149,422390,149,410793
5785,156,21706609,156,10835249,156,7207274,156,5393122,156,4313649,156,3585986,156,3059968,156,2672529,156,2363664,156,2138713,156,1937790,156,1771897,156,1631801,156,1511467,156,1405212,156,1307933,156,1238351,156,1158360,156,1097829,156,1046644,156,998283,156,950370,156,905874,156,865282,156,827229,156,789024,156,757128,156,725009,156,699598,156,677359,156,652318,156,627674,156,614707,156,600155,156,580876,156,558770,156,540846,156,529904,156,517373,156,500518,156,490220,156,475390,156,462195,156,448752,156,435309,156,423860,156,414898,156,402410,156,395972,156,386458
12493,157,45104975,157,22533733,157,15005312,157,11247248,157,8992232,157,7482077,157,6407007,157,5598383,157,4976856,157,4481723,157,4056695,157,3716513,157,3434517,157,3181246,157,2966997,157,2782591,157,2610605,157,2465848,157,2337426,157,2215327,157,2101149,157,2009539,157,1928498,157,1837581,157,1765029,157,1698566,157,1629276,157,1580845,157,1512507,157,1463757,157,1417977,157,1366576,157,1320173,157,1280083,157,1241157,157,1205783,157,1173909,157,1147053,157,1115184,157,1084155,157,1050635,157,1027421,157,1002225,157,980827,157,966199,157,943793,157,926653,157,905438,157,881239,157,869016
12439,156,44869796,156,22414125,156,14930834,156,11181737,156,8942855,156,7446762,156,6380154,156,5560899,156,4946484,156,4445920,156,4039976,156,3699983,156,3410592,156,3171993,156,2947227,156,2765820,156,2596699,156,2457621,156,2317215,156,2198994,156,2103067,156,2000847,156,1899849,156,1829009,156,1757375,156,1682809,156,1612735,156,1570338,156,1511712,156,1454515,156,1408714,156,1359980,156,1318635,156,1276578,156,1248660,156,1207285,156,1174371,156,1137510,156,1102066,156,1069275,156,1046922,156,1028805,156,1002646,156,981468,156,957113,156,937695,156,925630,156,905705,156,884660,156,862255
4227,151,15312967,151,7630912,151,5074053,151,3795922,151,3020458,151,2517019,151,2148339,151,1874556,151,1666242,151,1489979,151,1350804,151,1235724,151,1142723,151,1060411,151,977659,151,920812,151,857602,151,811466,151,767132,151,723179,151,682792,151,644421,151,612377,151,590276,151,563266,151,544274,151,535378,151,510231,151,492594,151,471411,151,460977,151,446835,151,429359,151,413482,151,400288,151,388923,151,378620,151,367641,151,356707,151,344243,151,335281,151,325900,151,317167,151,308205,151,294762,151,288460,151,281839,151,281434,151,272472,151,263925
10554,138,38406938,138,19175731,138,12770332,138,9556286,138,7637224,138,6355984,138,5432900,138,4745024,138,4225353,138,3790748,138,3440223,138,3145363,138,2897847,138,2686643,138,2503942,138,2332365,138,2191715,138,2082875,138,1968567,138,1865664,138,1779778,138,1685048,138,1608724,138,1541846,138,1486929,138,1417467,138,1366962,138,1309833,138,1265999,138,1221389,138,1177132,138,1128004,138,1093728,138,1060037,138,1029207,138,1009299,138,983429,138,948041,138,925932,138,902394,138,885193,138,863791,138,838954,138,812068,138,794903,138,774857,138,756639,138,739234,138,730235,138,717290
17287,170,63009419,170,31486477,170,20975349,170,15724773,170,12576424,170,10467390,170,8963383,170,7839698,170,6961107,170,6269700,170,5689407,170,5213163,170,4805405,170,4461641,170,4159374,170,3896815,170,3657844,170,3460221,170,3277779,170,3117738,170,2967703,170,2828560,170,2699370,170,2590331,170,2484415,170,2379998,170,2299954,170,2213924,170,2133427,170,2062668,170,1990469,170,1923208,170,1865690,170,1807307,170,1748731,170,1710958,170,1665410,170,1625274,170,1583451,170,1541756,170,1499955,170,1467094,170,1435832,170,1400018,170,1366193,170,1330779,170,1301132,170,1278046,170,1251903,170,1225009
5648,151,20888021,151,10428413,151,6930168,151,5187412,151,4138937,151,3442553,151,2944419,151,2573967,151,2279568,151,2049732,151,1851575,151,1693760,151,1565494,151,1454512,151,1350127,151,1263193,151,1179566,151,1116741,151,1060081,151,1001553,151,951907,151,904202,151,874277,151,829829,151,788896,151,760607,151,728131,151,704801,151,677039,151,655736,151,632811,151,611636,151,589231,151,569884,151,550038,151,532968,151,521972,151,507146,151,490636,151,477269,151,465778,151,453285,151,439842,151,427843,151,420673,151,413206,151,404244,151,390889,151,381927,151,368677
7553,131,27973440,131,13970834,131,9288737,131,6965977,131,5558003,131,4620612,131,3949993,131,3453694,131,3070168,131,2756214,131,2498138,131,2288682,131,2097773,131,1952040,131,1816492,131,1700969,131,1590248,131,1505777,131,1417685,131,1355741,131,1287474,131,1232686,131,1174690,131,1121842,131,1080580,131,1037887,131,999386,131,957093,131,922515,131,884835,131,857955,131,831701,131,797926,131,776099,131,752404,131,732777,131,710372,131,687233,131,668902,131,653631,131,640345,131,624839,131,609467,131,592358,131,577437,131,563994,131,546070,131,534056,131,522774,131,509494
20292,156,71189818,156,35580266,156,23698909,156,17766588,156,14204482,156,11833474,156,10124479,156,8855871,156,7866283,156,7084604,156,6421680,156,5894478,156,5446403,156,5036063,156,4700030,156,4407225,156,4147068,156,3913320,156,3702059,156,3517820,156,3346386,156,3194037,156,3055973,156,2919209,156,2795667,156,2704639,156,2586546,156,2492977,156,2412343,156,2327976,156,2252421,156,2183987,156,2112064,156,2055025,156,1991218,156,1928107,156,1875162,156,1822904,156,1786921,156,1734297,156,1685904,156,1650190,156,1610788,156,1579552,156,1537129,156,1503944,156,1473660,156,1435653,156,1407623,156,1377118
5986,156,22063846,156,11002827,156,7318864,156,5485501,156,4375069,156,3630023,156,3110830,156,2722548,156,2410245,156,2159993,156,1968283,156,1794054,156,1666214,156,1536304,156,1440014,156,1340663,156,1249112,156,1176401,156,1123425,156,1061594,156,1005143,156,972655,156,925500,156,879029,156,836773,156,806004,156,775229,156,744430,156,721215,156,692394,156,672398,156,647050,156,620508,156,601396,156,584817,156,562412,156,546541,156,534181,156,523055,156,508538,156,490717,156,477274,156,476805,156,470823,156,459007,156,446421,156,435109,156,422261,156,413906,156,400344
10483,135,36967786,135,18461503,135,12294803,135,9213363,135,7354080,135,6118225,135,5240662,135,4584757,135,4060798,135,3661517,135,3312688,135,3039514,135,2806022,135,2590462,135,2421265,135,2261315,135,2123143,135,2011002,135,1908697,135,1808674,135,1711874,135,1634810,135,1559900,135,1495424,135,1435827,135,1384002,135,1325821,135,1272962,135,1232469,135,1192550,135,1146372,135,1102473,135,1070050,135,1039218,135,1011651,135,990711,135,962609,135,937336,135,905969,135,881977,135,853605,135,826719,135,809440,135,795887,135,774854,135,753221,135,743621,135,726396,135,711129,135,696879
13427,152,49725963,152,24832222,152,16541380,152,12406187,152,9905130,152,8240919,152,7050920,152,6185152,152,5474158,152,4923007,152,4467054,152,4100045,152,3785811,152,3502344,152,3266577,152,3051567,152,2866066,152,2703042,152,2556851,152,2432766,152,2307438,152,2204498,152,2108242,152,2030583,152,1944279,152,1867625,152,1791299,152,1726916,152,1663801,152,1616750,152,1563834,152,1508179,152,1452560,152,1406885,152,1365380,152,1326071,152,1282953,152,1247167,152,1220259,152,1189205,152,1153782,152,1123388,152,1102953,152,1082745,152,1054985,152,1026165,152,1005572,152,982261,152,961252,152,936823
5134,147,18868335,147,9418253,147,6256292,147,4690103,147,3731496,147,3106004,147,2661871,147,2321929,147,2060119,147,1843941,147,1673310,147,1533049,147,1417422,147,1311049,147,1211953,147,1136377,147,1063276,147,1012243,147,960242,147,901966,147,857322,147,815834,147,778600,147,739835,147,708409,147,688009,147,663184,147,638312,147,613051,147,588525,147,570017,147,549473,147,529209,147,513698,147,499718,147,484157,147,469672,147,460708,147,442784,147,432139,147,418696,147,405253,147,391810,147,378530,147,370976,147,358713,147,349751,147,339582,147,330620,147,321658
12156,156,45162742,156,22562197,156,15020434,156,11261934,156,8998109,156,7483091,156,6417697,156,5605129,156,4975154,156,4481769,156,4063012,156,3719997,156,3442887,156,3195049,156,2978767,156,2775095,156,2616357,156,2464829,156,2333018,156,2215088,156,2104285,156,2004801,156,1913224,156,1836330,156,1769898,156,1701033,156,1634106,156,1580615,156,1523771,156,1474634,156,1420469,156,1363804,156,1324823,156,1285167,156,1251113,156,1215372,156,1181417,156,1155104,156,1124097,156,1091926,156,1062402,156,1034758,156,1004439,156,982644,156,957008,156,933144,156,909124,156,891582,156,875355,156,863211
12058,138,44034811,138,21985134,138,14649706,138,10966360,138,8771975,138,7304778,138,6238458,138,5465715,138,4848311,138,4363206,138,3960495,138,3620652,138,3332666,138,3091775,138,2897172,138,2705412,138,2546060,138,2399983,138,2275254,138,2163398,138,2053916,138,1955774,138,1863247,138,1787590,138,1705363,138,1639279,138,1584291,138,1520257,138,1457617,138,1421033,138,1373023,138,1326807,138,1286695,138,1245521,138,1203928,138,1173442,138,1143158,138,1115643,138,1083333,138,1057824,138,1026457,138,998456,138,971055,138,951717,138,931210,138,910571,138,893170,138,872039,138,851660,138,829568
4473,141,16142093,141,8043043,141,5350912,141,3999672,141,3182247,141,2650216,141,2261953,141,1972206,141,1742355,141,1567116,141,1422528,141,1308841,141,1204358,141,1104852,141,1023109,141,955328,141,897609,141,838876,141,796271,141,756433,141,721813,141,692513,141,660053,141,636571,141,607444,141,586321,141,560140,141,535409,141,518446,141,498244,141,480108,141,459258,141,447360,141,429209,141,412682,141,405350,141,387646,141,379063,141,368231,141,354788,141,348519,141,340104,141,331142,141,320132,141,311170,141,304945,141,302862,141,293900,141,284938,141,275976
