nearest neighbour time,nearest neighbour length,lin-kernighan time,lin-kernighan length,brute force time,brute force length,branch & bound time,branch & bound length,dynamic programming time,dynamic programming length
0.00938,147.4,0.07216000000000002,147.4,0.01408,146.4,0.1227,144.6,0.0184,146.4
0.006780000000000001,171.2,0.09176000000000001,171.2,0.019020000000000002,169.4,0.28706,167.6,0.030240000000000003,169.4
0.0078,223.2,0.15602000000000002,222.0,0.08148000000000001,220.8,0.9867200000000002,220.8,0.09222000000000001,220.8
0.00966,232.8,0.23356000000000002,231.6,0.31672000000000006,230.4,4.36172,230.4,0.22790000000000002,230.4
0.01062,259.8,0.21522,259.4,1.8127,246.4,11.261700000000001,246.4,0.6985800000000001,246.4
0.01028,255.4,0.21146000000000004,254.2,3.97064,237.4,27.81252,237.4,1.75306,237.4
0.01206,280.2,0.20862000000000003,279.8,11.546560000000001,251.0,59.50586,251.0,3.65436,251.0
0.012040000000000002,275.4,0.21090000000000003,275.0,22.1123,247.4,90.79992,247.4,7.0901000000000005,247.4
0.012660000000000001,301.6,0.23042,301.2,49.07336,270.8,184.50462000000002,270.8,15.593600000000002,270.8
0.01328,301.6,0.21402000000000002,301.2,76.68263999999999,263.6,254.53851999999998,263.6,25.79976,263.6
0.013980000000000001,334.8,0.21514,334.4,144.66732,288.4,469.1987200000001,288.4,44.02722,288.4
0.01464,334.8,0.21580000000000002,334.4,214.57906000000003,281.2,753.9664800000002,281.2,66.86080000000001,281.2
0.0156,357.8,0.21914,357.4,355.8631,301.4,1112.0496600000001,301.4,107.45726,301.4
0.015719999999999998,357.8,0.21922,357.4,507.6822200000001,301.4,1290.4955800000002,301.4,155.73726000000002,301.4
0.025340000000000005,387.0,0.22624000000000002,386.6,720.56452,321.8,2569.5144999999998,321.8,243.57462,321.8
0.01734,387.0,0.23104000000000002,386.6,1038.31392,319.0,3220.6822,319.0,314.7024,319.0
0.017419999999999998,408.8,0.21014000000000002,408.8,1509.9698600000002,337.2,4008.4857200000006,337.2,458.70842000000005,337.2
0.018380000000000004,408.8,0.21108,408.8,1942.14108,337.2,4599.8620200000005,337.2,595.84108,337.2
0.019160000000000003,443.4,0.23428000000000004,443.0,,,,,899.4744600000001,362.4
0.018140000000000003,443.4,0.23532000000000003,443.0,,,,,1221.14164,361.2
0.01974,471.0,0.23484,470.6,,,,,1699.0794,391.8
0.0192,471.0,0.23928,470.6,,,,,,
0.019280000000000002,506.8,0.23566000000000004,506.4,,,,,,
0.027460000000000002,506.8,0.24430000000000002,506.4,,,,,,
0.026240000000000003,538.8,0.32304000000000005,538.4,,,,,,
0.026220000000000004,538.8,0.24642000000000003,538.4,,,,,,
0.021620000000000004,568.4,0.25314000000000003,568.4,,,,,,
0.02146,568.4,0.24650000000000002,568.4,,,,,,
0.02928,595.6,0.25150000000000006,595.6,,,,,,
0.0231,595.6,0.24802,595.6,,,,,,
0.0286,626.6,0.25032,626.2,,,,,,
0.026600000000000002,626.6,0.24518,626.2,,,,,,
0.024880000000000003,649.8,0.24858000000000002,649.4,,,,,,
0.027140000000000004,649.8,0.25128000000000006,649.4,,,,,,
0.029140000000000003,678.6,0.2777,678.2,,,,,,
0.02726,678.6,0.25146,678.2,,,,,,
0.029879999999999997,697.6,0.2618400000000001,697.2,,,,,,
0.028739999999999998,697.6,0.26680000000000004,697.2,,,,,,
0.037860000000000005,726.6,0.262,726.2,,,,,,
0.031279999999999995,726.6,0.25770000000000004,726.2,,,,,,
0.030260000000000006,760.2,0.26594,759.8,,,,,,
0.041620000000000004,760.2,0.26516,759.8,,,,,,
0.03264,787.8,0.26608000000000004,787.4,,,,,,
0.0348,787.8,0.26518,787.4,,,,,,
0.04288,814.8,0.27488,814.4,,,,,,
0.04972000000000001,814.8,0.27344,814.4,,,,,,
0.03438,836.4,0.26659999999999995,836.0,,,,,,
0.0541,836.4,0.27876,836.0,,,,,,
0.03656,866.6,0.27634000000000003,866.2,,,,,,
0.03798,866.6,0.28292,866.2,,,,,,
0.04374,900.2,0.28306000000000003,899.8,,,,,,
0.050660000000000004,900.2,0.2977,899.8,,,,,,
0.05162000000000001,932.8,0.28382000000000007,932.4,,,,,,
0.05364,932.8,0.36962,932.4,,,,,,
0.048780000000000004,955.2,0.28368000000000004,954.8,,,,,,
0.044460000000000006,955.2,0.28672000000000003,954.8,,,,,,
0.05160000000000001,984.6,0.30174000000000006,984.2,,,,,,
0.048659999999999995,984.6,0.32249999999999995,984.2,,,,,,
0.048260000000000004,1019.0,0.31054000000000004,1018.6,,,,,,
0.04982000000000001,1019.0,0.29628,1018.6,,,,,,
0.054799999999999995,1053.4,0.30462,1053.0,,,,,,
0.05158,1053.4,0.29638000000000003,1053.0,,,,,,
0.05666,1080.4,0.28506000000000004,1080.4,,,,,,
0.05584,1080.4,0.28052000000000005,1080.4,,,,,,
0.05952,1113.6,0.29408000000000006,1113.6,,,,,,
0.060020000000000004,1113.6,0.2853,1113.6,,,,,,
0.060320000000000006,1138.8,0.3073,1138.8,,,,,,
0.06228000000000001,1138.8,0.30276000000000003,1138.8,,,,,,
0.09302,1166.2,0.30268,1166.2,,,,,,
0.07188,1166.2,0.41678,1166.2,,,,,,
0.06208,1190.6,0.5151,1190.6,,,,,,
0.06662000000000001,1190.6,0.29394000000000003,1190.6,,,,,,
0.061000000000000006,1225.6,0.30908,1225.6,,,,,,
0.06894,1225.6,0.31454,1225.6,,,,,,
0.0649,1260.2,0.30338000000000004,1260.2,,,,,,
0.07246000000000001,1260.2,0.30884,1260.2,,,,,,
0.07338,1280.6,0.32368,1280.6,,,,,,
0.07598,1280.6,0.30972,1280.6,,,,,,
0.07346000000000001,1309.4,0.32456000000000007,1309.4,,,,,,
0.07730000000000001,1309.4,0.32300000000000006,1309.4,,,,,,
0.08262,1330.2,0.32368,1330.2,,,,,,
0.07782000000000001,1330.2,0.33016,1330.2,,,,,,
0.08344,1360.6,0.34206000000000003,1360.6,,,,,,
0.07998000000000001,1360.6,0.34466,1360.6,,,,,,
0.08560000000000001,1390.2,0.32922,1390.2,,,,,,
0.10006000000000001,1390.2,0.3523,1390.2,,,,,,
0.0849,1411.6,0.36660000000000004,1411.6,,,,,,
0.083,1411.6,0.3311,1411.6,,,,,,
0.08576,1438.4,0.38,1438.4,,,,,,
0.08758,1438.4,0.36878000000000005,1438.4,,,,,,
0.08653999999999999,1472.6,0.35036,1472.6,,,,,,
0.08764000000000001,1472.6,0.34586,1472.6,,,,,,
0.10426,1509.6,0.34758,1509.6,,,,,,
0.08874000000000001,1509.6,0.35768000000000005,1509.6,,,,,,
0.09418,1534.0,0.36934,1534.0,,,,,,
0.10640000000000001,1534.0,0.36642,1534.0,,,,,,
0.0926,1563.0,0.35604,1563.0,,,,,,
0.09096000000000001,1563.0,0.35514,1563.0,,,,,,
